date,equity
2006-05-22,100000.0
2006-05-23,100000.0
2006-05-24,100000.0
2006-05-25,100000.0
2006-05-26,100000.0
2006-05-30,100000.0
2006-05-31,100000.0
2006-06-01,100000.0
2006-06-02,100000.0
2006-06-05,100000.0
2006-06-06,100000.0
2006-06-07,100000.0
2006-06-08,100000.0
2006-06-09,100000.0
2006-06-12,100000.0
2006-06-13,100000.0
2006-06-14,100000.0
2006-06-15,100000.0
2006-06-16,100000.0
2006-06-19,100000.0
2006-06-20,100000.0
2006-06-21,99850.05731576002
2006-06-22,98920.74512968003
2006-06-23,98772.40529754604
2006-06-26,99544.33945095855
2006-06-27,99395.06950689055
2006-06-28,98909.39638645457
2006-06-29,98761.09814217858
2006-06-30,100536.71363780659
2006-07-03,100536.71363780659
2006-07-05,100385.9132563616
2006-07-06,99390.94768640661
2006-07-07,99241.84903652861
2006-07-10,100009.63482721163
2006-07-11,99859.61730472665
2006-07-12,100392.47300318663
2006-07-13,100241.87181532163
2006-07-14,98516.00019178163
2006-07-17,98368.24456008163
2006-07-18,99393.94867768162
2006-07-19,99244.85173123563
2006-07-20,103142.56664610565
2006-07-21,102987.83572727666
2006-07-24,100560.30655046068
2006-07-25,100560.30655046068
2006-07-26,100409.48494059418
2006-07-27,102358.76337898767
2006-07-28,102205.2320931477
2006-07-31,102064.07310921571
2006-08-01,102064.07310921571
2006-08-02,102064.07310921571
2006-08-03,101910.98353109072
2006-08-04,102221.31132812821
2006-08-07,102221.31132812821
2006-08-08,102067.95446112922
2006-08-09,100044.59774458023
2006-08-10,99894.51907098573
2006-08-11,102267.10304557171
2006-08-14,102267.10304557171
2006-08-15,102267.10304557171
2006-08-16,102113.71100929973
2006-08-17,104178.25986493175
2006-08-18,104022.00504024075
2006-08-21,98500.38149331877
2006-08-22,98352.62687678025
2006-08-23,98494.77521960225
2006-08-24,98347.05838746476
2006-08-25,97605.39030362076
2006-08-28,97458.98689702876
2006-08-29,96684.47293408476
2006-08-30,96684.47293408476
2006-08-31,96539.51296919775
2006-09-01,97083.89054322275
2006-09-05,96938.28011721575
2006-09-06,97715.35714892375
2006-09-07,97568.80793095175
2006-09-08,100170.91931324376
2006-09-11,100170.91931324376
2006-09-12,100020.71220339127
2006-09-13,100811.81573355578
2006-09-14,100660.62980403879
2006-09-15,101548.9956340618
2006-09-18,101396.71669983129
2006-09-19,97207.8703261963
2006-09-20,97062.1239477588
2006-09-21,98271.7843623688
2006-09-22,98124.4288702388
2006-09-25,96826.67134825481
2006-09-26,96681.48536905482
2006-09-27,98405.58908425484
2006-09-28,98258.01488824784
2006-09-29,97210.01141131484
2006-10-02,97064.23530347084
2006-10-03,90753.70642226085
2006-10-04,90617.60721597585
2006-10-05,92709.57784042334
2006-10-06,92570.57993522735
2006-10-09,91734.00239506335
2006-10-10,91596.43511458334
2006-10-11,89758.66493563935
2006-10-12,89624.07596009686
2006-10-13,91886.78666604435
2006-10-16,91886.78666604435
2006-10-17,91886.78666604435
2006-10-18,91748.94404590534
2006-10-19,88659.58051604085
2006-10-20,88526.59839619485
2006-10-23,87990.51577883687
2006-10-24,87858.54495627938
2006-10-25,85491.82103267839
2006-10-26,85363.60490563839
2006-10-27,85881.2510651684
2006-10-30,85752.44269560839
2006-10-31,83415.8307079634
2006-11-01,83290.69897744841
2006-11-02,82507.9085846684
2006-11-03,82384.1371435724
2006-11-06,82816.26816624442
2006-11-07,82692.04314139343
2006-11-08,83168.95705390495
2006-11-09,83044.20170988594
2006-11-10,84797.03238933293
2006-11-13,84669.84323985293
2006-11-14,85615.03208876094
2006-11-15,85486.61021982446
2006-11-16,88609.02140278496
2006-11-17,88476.13268979295
2006-11-20,88413.16023973496
2006-11-21,88280.52189375949
2006-11-22,87566.20872987751
2006-11-24,87434.85794307252
2006-11-27,87069.96979332752
2006-11-28,86939.38748527752
2006-11-29,86551.79315505752
2006-11-30,86421.97628327702
2006-12-01,87222.87341176052
2006-12-04,87092.04038131253
2006-12-05,88163.89415824653
2006-12-06,88031.65139386656
2006-12-07,87372.12957354606
2006-12-08,87241.09191233106
2006-12-11,86286.05143070556
2006-12-12,86156.62580696557
2006-12-13,85941.30530786558
2006-12-14,85812.41862691808
2006-12-15,87190.10134206459
2006-12-18,87059.30702270857
2006-12-19,84772.2269495806
2006-12-20,84645.05480443059
2006-12-21,85860.58468246809
2006-12-22,85860.58468246809
2006-12-26,85731.82242001609
2006-12-27,87430.11831132609
2006-12-28,87430.11831132609
2006-12-29,87430.11831132609
2007-01-03,87299.00717517709
2007-01-04,85363.0699495141
2007-01-05,85235.0895585991
2007-01-08,85120.62429123909
2007-01-09,84992.97435543909
2007-01-10,83924.5224700891
2007-01-11,83798.66841971809
2007-01-12,85785.15815380511
2007-01-16,85656.50512625261
2007-01-17,85938.12683670763
2007-01-18,85809.28192521514
2007-01-19,87002.10319599014
2007-01-22,86871.64294373016
2007-01-23,91005.34405422915
2007-01-24,91005.34405422915
2007-01-25,91005.34405422915
2007-01-26,91005.34405422915
2007-01-29,91005.34405422915
2007-01-30,90868.88271127216
2007-01-31,91967.29996755018
2007-02-01,91967.29996755018
2007-02-02,91829.3612819437
2007-02-05,91319.6587484927
2007-02-06,91182.67879070372
2007-02-07,91829.10435815423
2007-02-08,91691.33835046926
2007-02-09,91849.38380588427
2007-02-12,91711.63193848426
2007-02-13,89971.81304359679
2007-02-14,89836.8725287668
2007-02-15,88771.0795069128
2007-02-16,88637.92003820282
2007-02-20,90144.24225646984
2007-02-21,90009.03058405583
2007-02-22,89570.06177086385
2007-02-23,89435.69556453383
2007-02-26,88348.76470333985
2007-02-27,88216.26798963787
2007-02-28,86668.1300606239
2007-03-01,86538.1130100919
2007-03-02,89552.1269328274
2007-03-05,89417.85249959741
2007-03-06,91972.89699746142
2007-03-07,91834.98026253544
2007-03-08,91841.42178920293
2007-03-09,91703.68667479695
2007-03-12,92939.44085093297
2007-03-13,92800.07387075298
2007-03-14,93185.55571770498
2007-03-15,93045.803658208
2007-03-16,93320.36767562748
2007-03-19,93180.41315966749
2007-03-20,93711.41844056449
2007-03-21,93570.91493516898
2007-03-22,93129.2275116995
2007-03-23,92989.60185282202
2007-03-26,93433.87751154203
2007-03-27,93293.77572750903
2007-03-28,93369.81486372802
2007-03-29,93369.81486372802
2007-03-30,93369.81486372802
2007-04-02,93229.74478432303
2007-04-03,92262.37192574303
2007-04-04,92124.00515687851
2007-04-05,92343.626607515
2007-04-09,92205.12768921502
2007-04-10,91277.14369841001
2007-04-11,91140.24264731002
2007-04-12,90757.54216574003
2007-04-13,90621.39523418303
2007-04-16,89973.16641612802
2007-04-17,89838.21824485104
2007-04-18,90213.53672092405
2007-04-19,90078.21626278404
2007-04-20,88682.34206913658
2007-04-23,88549.30129184957
2007-04-24,89627.97938413257
2007-04-25,89627.97938413257
2007-04-26,89493.51944405759
2007-04-27,88732.0906111626
2007-04-30,88599.00776090461
2007-05-01,89115.26516739061
2007-05-02,88981.62528360661
2007-05-03,89729.39094471064
2007-05-04,89729.39094471064
2007-05-07,89729.39094471064
2007-05-08,89729.39094471064
2007-05-09,89729.39094471064
2007-05-10,89729.39094471064
2007-05-11,89594.86964021766
2007-05-14,87777.36953791267
2007-05-15,87645.76771725669
2007-05-16,86661.8447085682
2007-05-17,86531.89185938619
2007-05-18,87911.39891238819
2007-05-21,87779.5864470407
2007-05-22,86091.65885811819
2007-05-23,85962.5701858992
2007-05-24,83249.13671796219
2007-05-25,83124.33236487368
2007-05-29,82501.3544449597
2007-05-30,82377.6231099247
2007-05-31,84902.08742600468
2007-06-01,84774.77260587268
2007-06-04,84563.07747970868
2007-06-05,84563.07747970868
2007-06-06,84436.30076288468
2007-06-07,81605.79698977267
2007-06-08,81483.45632113868
2007-06-11,81598.00356135366
2007-06-12,81475.64638121767
2007-06-13,82707.24156730567
2007-06-14,82583.20147438569
2007-06-15,83908.54955004668
2007-06-18,83908.54955004668
2007-06-19,83908.54955004668
2007-06-20,83908.54955004668
2007-06-21,83908.54955004668
2007-06-22,83908.54955004668
2007-06-25,83908.54955004668
2007-06-26,83908.54955004668
2007-06-27,83782.75066105668
2007-06-28,84017.62609261269
2007-06-29,83891.6294437247
2007-07-02,86005.23356605269
2007-07-03,85876.25940899272
2007-07-05,87014.41442152571
2007-07-06,87014.41442152571
2007-07-09,86883.9019886762
2007-07-10,87584.8804316917
2007-07-11,87453.52027301172
2007-07-12,85543.6960558357
2007-07-13,85415.3783961512
2007-07-16,86238.92241959622
2007-07-17,86109.56218605222
2007-07-18,82289.85874923223
2007-07-19,82166.43051819473
2007-07-20,82195.80904056222
2007-07-23,82072.50239648222
2007-07-24,83290.93190246621
2007-07-25,83165.98092767921
2007-07-26,86103.93375066521
2007-07-27,85974.79942579323
2007-07-30,83670.75254488122
2007-07-31,83545.26257331976
2007-08-01,84635.26815776026
2007-08-02,84635.26815776026
2007-08-03,84635.26815776026
2007-08-06,84508.35127923127
2007-08-07,84642.85851662626
2007-08-08,84515.92622946276
2007-08-09,82765.15226994376
2007-08-10,82641.06497129374
2007-08-13,81394.19663266875
2007-08-14,81272.12939114677
2007-08-15,77354.69931609675
2007-08-16,77238.70916559677
2007-08-17,78438.57034997176
2007-08-20,78320.97049608278
2007-08-21,78728.57241092778
2007-08-22,78610.51174748679
2007-08-23,77639.26515665479
2007-08-24,77522.86050653429
2007-08-27,76013.8349212598
2007-08-28,75899.83878671032
2007-08-29,78248.73308801632
2007-08-30,78131.42218991384
2007-08-31,79716.17651078785
2007-09-04,79596.63752773785
2007-09-05,78942.05683032537
2007-09-06,78942.05683032537
2007-09-07,78823.64614971339
2007-09-10,79245.62826515638
2007-09-11,79126.7916785604
2007-09-12,78912.4448615124
2007-09-13,78794.0585357794
2007-09-14,78770.59359394139
2007-09-17,78652.44678934138
2007-09-18,75720.60568924139
2007-09-19,75607.04573518137
2007-09-20,72401.15306942936
2007-09-21,72292.57223510936
2007-09-24,72728.19445115936
2007-09-25,72619.10474651936
2007-09-26,73804.04117723936
2007-09-27,73693.33006624835
2007-09-28,72735.40990130635
2007-10-01,72626.34579313135
2007-10-02,75131.64603656635
2007-10-03,75018.96856824633
2007-10-04,73504.06718454233
2007-10-05,73393.79285990736
2007-10-08,74551.67512270735
2007-10-09,74439.88224542535
2007-10-10,73398.81764330486
2007-10-11,73288.74884013987
2007-10-12,72491.28685515988
2007-10-15,72382.54245537988
2007-10-16,73496.8580958099
2007-10-17,73386.63599726041
2007-10-18,71252.91979911542
2007-10-19,71146.0628979594
2007-10-22,72845.0244127074
2007-10-23,72845.0244127074
2007-10-24,72735.77952781138
2007-10-25,72361.58493646738
2007-10-26,72253.07420677139
2007-10-29,70577.60752619938
2007-10-30,70471.72838001639
2007-10-31,67444.1412755694
2007-11-01,67342.97771200142
2007-11-02,64710.94390356394
2007-11-05,64613.90153730545
2007-11-06,61867.54821642545
2007-11-07,61774.774859189456
2007-11-08,61932.061377798964
2007-11-09,61839.16338512196
2007-11-12,66329.97909025296
2007-11-13,66230.53701794097
2007-11-14,66989.45627204498
2007-11-15,66888.99745698247
2007-11-16,66138.31254495248
2007-11-19,66138.31254495248
2007-11-20,66138.31254495248
2007-11-21,66039.08932838649
2007-11-23,63135.12783571749
2007-11-26,63040.41924027601
2007-11-27,63227.844286604515
2007-11-28,63133.06895535452
2007-11-29,61880.69530690453
2007-11-30,61787.94784888703
2007-12-03,62391.05629182403
2007-12-04,62297.54232588903
2007-12-05,61732.17138751003
2007-12-06,61639.63488028603
2007-12-07,61140.15526370203
2007-12-10,61048.50298912403
2007-12-11,58843.74924153404
2007-12-12,58755.511740334536
2007-12-13,56851.90137245503
2007-12-14,56766.66577605702
2007-12-17,54617.25694579003
2007-12-18,54535.38978583004
2007-12-19,53865.26069119005
2007-12-20,53784.522962081544
2007-12-21,56708.66553635954
2007-12-24,56623.62189892654
2007-12-26,58262.35034551154
2007-12-27,58262.35034551154
2007-12-28,58175.016074788546
2007-12-31,57078.413765090554
2008-01-02,57078.413765090554
2008-01-03,56992.82231708656
2008-01-04,57844.85066522657
2008-01-07,57758.07421935357
2008-01-08,55828.42890820157
2008-01-09,55744.67636152608
2008-01-10,54609.74010692508
2008-01-11,54527.855007559585
2008-01-14,53674.91915350459
2008-01-15,53594.448348050595
2008-01-16,55882.27626590659
2008-01-17,55798.47770407459
2008-01-18,55340.944392847094
2008-01-22,55257.9381968051
2008-01-23,56429.6736468056
2008-01-24,56345.04935230961
2008-01-25,56359.69343639361
2008-01-28,56275.178137553616
2008-01-29,56664.50048898561
2008-01-30,56579.50355074563
2008-01-31,57637.92313986562
2008-02-01,57637.92313986562
2008-02-04,57551.53269264562
2008-02-05,55632.88749833361
2008-02-06,55549.46039756661
2008-02-07,55466.08889633361
2008-02-08,55382.93682821361
2008-02-11,55344.652878773624
2008-02-12,55261.68291133363
2008-02-13,56095.39169777362
2008-02-14,56011.295286977635
2008-02-15,55904.03379414564
2008-02-19,55904.03379414564
2008-02-20,55820.17889010064
2008-02-21,55923.23819249064
2008-02-22,55839.40090757064
2008-02-25,55568.09592242515
2008-02-26,55568.09592242515
2008-02-27,55568.09592242515
2008-02-28,55484.742292233146
2008-02-29,56601.338985529146
2008-03-03,56516.43296497316
2008-03-04,58392.700738675165
2008-03-05,58305.13077089766
2008-03-06,58067.84317645766
2008-03-07,57980.77344937766
2008-03-10,60089.33535265766
2008-03-11,59999.25566573216
2008-03-12,59740.25290635265
2008-03-13,59650.64957159016
2008-03-14,59184.98313363267
2008-03-17,59096.23312683268
2008-03-18,61635.90606190467
2008-03-19,61543.497200129685
2008-03-20,63184.92452755469
2008-03-24,63090.2007504837
2008-03-25,65842.85414234971
2008-03-26,65744.13029636671
2008-03-27,64556.46566202871
2008-03-28,64459.654114766214
2008-03-31,62551.940709185714
2008-04-01,62458.18778862572
2008-04-02,65194.76698644573
2008-04-03,65097.00279724172
2008-04-04,65494.87953060573
2008-04-07,65396.66949483572
2008-04-08,64472.78496711573
2008-04-09,64376.15504787573
2008-04-10,64214.75688965072
2008-04-11,64118.45676830672
2008-04-14,64074.366515762726
2008-04-15,63978.27640439873
2008-04-16,66853.07289340472
2008-04-17,66853.07289340472
2008-04-18,66752.8070414997
2008-04-21,67832.68758012721
2008-04-22,67730.96667040323
2008-04-23,70244.32707624273
2008-04-24,70139.01864012773
2008-04-25,71233.11528281073
2008-04-28,71126.28780951873
2008-04-29,67740.85928301273
2008-04-30,67639.31283147474
2008-05-01,66124.70821938875
2008-05-02,66025.58220939574
2008-05-05,67536.67021867177
2008-05-06,67435.38600201628
2008-05-07,66777.88468711179
2008-05-08,66677.7548951363
2008-05-09,66447.39350986479
2008-05-12,66347.7406818243
2008-05-13,65496.4331654398
2008-05-14,65398.20558732431
2008-05-15,67553.42844732432
2008-05-16,67452.13606644834
2008-05-19,67707.55759691531
2008-05-20,67707.55759691531
2008-05-21,67707.55759691531
2008-05-22,67605.97984745532
2008-05-23,67913.57550322932
2008-05-27,67811.69354720534
2008-05-28,66874.33599615135
2008-05-29,66774.04151879137
2008-05-30,65503.65516401536
2008-06-02,65405.43357146337
2008-06-03,66581.16227256888
2008-06-04,66481.28397543589
2008-06-05,64723.051538167376
2008-06-06,64625.982305367375
2008-06-09,64668.25720776739
2008-06-10,64668.25720776739
2008-06-11,64571.28202047639
2008-06-12,62922.52794568039
2008-06-13,62828.19457470139
2008-06-16,63653.04877443289
2008-06-17,63557.613211178905
2008-06-18,63778.68602889291
2008-06-19,63683.07109286792
2008-06-20,63384.786334373915
2008-06-23,63289.77422422392
2008-06-24,62766.823187551425
2008-06-25,62672.72719867343
2008-06-26,66180.65866223842
2008-06-27,66081.39942618294
2008-06-30,65955.15666629992
2008-07-01,65856.20891838043
2008-07-02,67519.65779621093
2008-07-03,67418.39652522292
2008-07-07,68839.55679631494
2008-07-08,68839.55679631494
2008-07-09,68736.34152768995
2008-07-10,70600.74028156495
2008-07-11,70494.87595643994
2008-07-14,67463.65020911094
2008-07-15,67362.46866053995
2008-07-16,68738.86351782596
2008-07-17,68635.76871521895
2008-07-18,68719.81364528996
2008-07-21,68616.76027986596
2008-07-22,71002.90373605797
2008-07-23,70896.4178172
2008-07-24,71524.874119014
2008-07-25,71524.874119014
2008-07-28,71417.64603623
2008-07-29,69481.364307078
2008-07-30,69377.17458074201
2008-07-31,69723.38600458202
2008-08-01,69618.86954737201
2008-08-04,67193.80773253202
2008-08-05,67093.03588711002
2008-08-06,68434.20386555101
2008-08-07,68331.60925624352
2008-08-08,64227.92876146952
2008-08-11,64131.62256310053
2008-08-12,65988.27977738553
2008-08-13,65889.32390158503
2008-08-14,62910.73856237553
2008-08-15,62816.38885995453
2008-08-18,63851.328218836534
2008-08-19,63755.59338535904
2008-08-20,63623.16755043154
2008-08-21,63527.75056936955
2008-08-22,61693.36477360955
2008-08-25,61600.85020819705
2008-08-26,61642.94524098454
2008-08-27,61550.542530344545
2008-08-28,61621.51614276455
2008-08-29,61529.13822038456
2008-09-02,57573.034312969554
2008-09-03,57486.72408097907
2008-09-04,55071.10749653857
2008-09-05,54988.53189050857
2008-09-08,52437.33465634657
2008-09-09,52358.71461890007
2008-09-10,54266.47001299958
2008-09-11,54185.09000536958
2008-09-12,59602.70818360059
2008-09-15,59513.32821820659
2008-09-16,60433.26416698659
2008-09-17,60342.630425806594
2008-09-18,59740.2836437156
2008-09-19,59650.728025290104
2008-09-22,65012.71531555062
2008-09-23,64915.182293398626
2008-09-24,64783.15864936362
2008-09-25,64783.15864936362
2008-09-26,64686.00805962462
2008-09-29,63237.99097888362
2008-09-30,63143.15091306262
2008-10-01,62825.836249447624
2008-10-02,62825.836249447624
2008-10-03,62731.64132510213
2008-10-06,59366.75603611513
2008-10-07,59277.74968621814
2008-10-08,69040.04353463266
2008-10-09,68936.50407929266
2008-10-10,78898.64860796864
2008-10-13,78780.33090437614
2008-10-14,80424.56425702815
2008-10-15,80303.97219006716
2008-10-16,72658.35343467421
2008-10-17,72549.39840843422
2008-10-20,79673.81337675422
2008-10-21,79554.32375550266
2008-10-22,67258.18069919446
2008-10-23,67157.32083519272
2008-10-24,70390.74642020717
2008-10-27,70285.17993515453
2008-10-28,79260.65433976112
2008-10-29,79141.78524503284
2008-10-30,82446.90989988933
2008-10-31,82323.26333260084
2008-11-03,82631.73435923134
2008-11-04,82507.82733065134
2008-11-05,79126.99409828133
2008-11-06,79008.34243650653
2008-11-07,81684.49207014094
2008-11-10,81562.00726647796
2008-11-11,76225.14811119756
2008-11-12,76110.84310352468
2008-11-13,84591.23917971354
2008-11-14,84464.37563645703
2008-11-17,81215.10464892292
2008-11-18,81093.30918396292
2008-11-19,77446.00944348292
2008-11-20,77446.00944348292
2008-11-21,77329.84665192472
2008-11-24,71608.33688714722
2008-11-25,71500.93189324973
2008-11-26,68080.12106296222
2008-11-28,67978.00371842721
2008-12-01,77146.54115087871
2008-12-02,77030.80555127573
2008-12-03,78766.56489027773
2008-12-04,78766.56489027773
2008-12-05,78766.56489027773
2008-12-08,78648.42371779973
2008-12-09,78064.59015181975
2008-12-10,77947.49944207077
2008-12-11,78446.08219673426
2008-12-12,78328.42013250027
2008-12-15,74558.99445662728
2008-12-16,74447.17426895179
2008-12-17,75145.80688378381
2008-12-18,75033.0839746158
2008-12-19,73127.3345991513
2008-12-22,73017.6325946793
2008-12-23,70772.16162090331
2008-12-24,70666.01381230433
2008-12-26,66711.49148663433
2008-12-29,66611.41209755433
2008-12-30,66976.03030066834
2008-12-31,66875.55037564486
2009-01-02,67392.05994773435
2009-01-05,67290.97411824635
2009-01-06,65471.197945710344
2009-01-07,65372.982402141344
2009-01-08,61382.46781350934
2009-01-09,61290.39272693885
2009-01-12,65442.11160075785
2009-01-13,65343.967205464854
2009-01-14,68175.95152765987
2009-01-15,68073.72736029189
2009-01-16,71773.0394577484
2009-01-20,71665.4049015184
2009-01-21,73367.49942143589
2009-01-22,73257.4467229009
2009-01-23,66872.7677708599
2009-01-26,66772.45115338241
2009-01-27,67601.0124291364
2009-01-28,67499.6230018814
2009-01-29,63939.43390736141
2009-01-30,63843.51329156141
2009-02-02,66144.3998240014
2009-02-03,66144.3998240014
2009-02-04,66045.19864108841
2009-02-05,64660.96910498291
2009-02-06,64563.98469889792
2009-02-09,66514.59352227792
2009-02-10,66414.82305418994
2009-02-11,61220.57934589095
2009-02-12,61128.74340857745
2009-02-13,62364.538444242455
2009-02-17,62271.018974793464
2009-02-18,61381.37343430696
2009-02-19,61289.28853350896
2009-02-20,58953.90628986946
2009-02-23,58865.49877936597
2009-02-24,63629.167030801975
2009-02-25,63629.167030801975
2009-02-26,63629.167030801975
2009-02-27,63533.72427866098
2009-03-02,68007.07116980597
2009-03-03,67905.08707193448
2009-03-04,67233.85591072099
2009-03-05,67133.03441075298
2009-03-06,66665.91828726498
2009-03-09,66565.95436806198
2009-03-10,62450.338681890484
2009-03-11,62356.69589502949
2009-03-12,64889.21476641199
2009-03-13,64791.92393094
2009-03-16,63890.4107741645
2009-03-17,63794.603826657
2009-03-18,70099.483581782
2009-03-19,69994.37939672799
2009-03-20,70263.67410872751
2009-03-23,70263.67410872751
2009-03-24,70158.2891887475
2009-03-25,67575.24693929001
2009-03-26,67473.91140256553
2009-03-27,69512.64174525352
2009-03-30,69408.39244610704
2009-03-31,68327.11589550655
2009-04-01,68224.62501802403
2009-04-02,70852.14113099902
2009-04-03,70745.84791438554
2009-04-06,74078.87488611804
2009-04-07,73967.75660989404
2009-04-08,73836.08554789405
2009-04-09,73725.33502404505
2009-04-13,71992.53952062356
2009-04-14,71884.56148530355
2009-04-15,71325.93235967155
2009-04-16,71218.95265396406
2009-04-17,74034.35918221108
2009-04-20,73923.3418612686
2009-04-21,72022.96081864859
2009-04-22,71914.98500370358
2009-04-23,74401.95529153409
2009-04-24,74290.40481893359
2009-04-27,73474.04225306159
2009-04-28,73363.85362675859
2009-04-29,75023.98396551359
2009-04-30,74911.50349651759
2009-05-01,75253.75121318159
2009-05-04,75140.9141593636
2009-05-05,74815.0203764556
2009-05-06,74702.79756853159
2009-05-07,75201.89594569559
2009-05-08,75089.11897055557
2009-05-11,75618.48398882308
2009-05-12,75505.0719904281
2009-05-13,77543.28815306311
2009-05-14,77426.97732126815
2009-05-15,78292.98880552716
2009-05-18,78175.56115362963
2009-05-19,76048.17888959464
2009-05-20,75934.13873565465
2009-05-21,74300.08027326215
2009-05-22,74188.62899407616
2009-05-26,74448.75822181115
2009-05-27,74337.09558060263
2009-05-28,70840.28477981014
2009-05-29,70734.03872996915
2009-06-01,71736.22063622916
2009-06-02,71628.65127164016
2009-06-03,75602.21684577517
2009-06-04,75488.83348483118
2009-06-05,78973.27707403118
2009-06-08,78854.8346055187
2009-06-09,79061.81783703969
2009-06-10,78943.24537837172
2009-06-11,78806.69502810371
2009-06-12,78688.4735843917
2009-06-15,81666.7807980877
2009-06-16,81666.7807980877
2009-06-17,81544.27804195571
2009-06-18,83710.49078477171
2009-06-19,83584.95819851971
2009-06-22,77940.23784899172
2009-06-23,77823.38530112173
2009-06-24,79919.67615368625
2009-06-25,79799.84409447675
2009-06-26,78026.14970747326
2009-06-29,77909.17045588276
2009-06-30,75088.05322583477
2009-07-01,74975.46590923476
2009-07-02,72545.43396533477
2009-07-06,72436.67575067678
2009-07-07,71972.99912557278
2009-07-08,71865.06760838878
2009-07-09,72393.24485206878
2009-07-10,72284.6735336888
2009-07-13,73718.47841437878
2009-07-14,73607.96587063928
2009-07-15,76641.60834728029
2009-07-16,76641.60834728029
2009-07-17,76641.60834728029
2009-07-20,76526.64943169629
2009-07-21,77384.1529598213
2009-07-22,77268.09411150379
2009-07-23,76567.03650529879
2009-07-24,76452.1807433188
2009-07-27,76585.81279739478
2009-07-28,76585.81279739478
2009-07-29,76470.9868278258
2009-07-30,78285.8405981453
2009-07-31,78168.4452293953
2009-08-03,80016.91597251531
2009-08-04,79896.89593253534
2009-08-05,80188.79713420733
2009-08-06,80068.50375187185
2009-08-07,81716.77301970386
2009-08-10,81594.19234955186
2009-08-11,82873.75081176386
2009-08-12,82749.45723577085
2009-08-13,80183.04398357485
2009-08-14,80062.76707924486
2009-08-17,83817.35560814486
2009-08-18,83691.69141303787
2009-08-19,84272.50813287387
2009-08-20,84146.12707989388
2009-08-21,85542.14411517388
2009-08-24,85542.14411517388
2009-08-25,85413.88917327239
2009-08-26,84393.52456190638
2009-08-27,84266.93442069038
2009-08-28,82879.26657235436
2009-08-31,82879.26657235436
2009-09-01,82754.98263317937
2009-09-02,90778.62048989188
2009-09-03,90642.44718962739
2009-09-04,89803.3770965154
2009-09-08,89668.67533507438
2009-09-09,91860.6478211544
2009-09-10,91722.8620710524
2009-09-11,90382.20236266441
2009-09-14,90246.6068302464
2009-09-15,87178.38319059239
2009-09-16,87047.59543004939
2009-09-17,89081.8934230569
2009-09-18,88948.2620946859
2009-09-21,90350.37070782091
2009-09-22,90214.88077918995
2009-09-23,92934.16880561644
2009-09-24,92794.77070914244
2009-09-25,93890.54438732342
2009-09-28,93749.69563256342
2009-09-29,90572.64409154344
2009-09-30,90436.79657414842
2009-10-01,94715.23230542344
2009-10-02,94715.23230542344
2009-10-05,94573.20619166094
2009-10-06,100709.10199155094
2009-10-07,100558.05016194994
2009-10-08,99060.87691954897
2009-10-09,98912.297771446
2009-10-12,98927.32581077951
2009-10-13,98778.94031410452
2009-10-14,98751.53727122952
2009-10-15,98603.41931384502
2009-10-16,98165.50654059852
2009-10-19,98018.29658294654
2009-10-20,100026.59509428705
2009-10-21,99876.54193618456
2009-10-22,100467.12151359857
2009-10-23,100316.44583057358
2009-10-26,104482.32710369358
2009-10-27,104325.62265992558
2009-10-28,110043.21905049561
2009-10-29,109878.19842094861
2009-10-30,106227.41668194263
2009-11-02,106227.41668194263
2009-11-03,106068.14304842264
2009-11-04,106919.39416391063
2009-11-05,106759.04370556863
2009-11-06,108816.30297282715
2009-11-09,108816.30297282715
2009-11-10,108653.06619123115
2009-11-11,108005.38288902114
2009-11-12,108005.38288902114
2009-11-13,108005.38288902114
2009-11-16,107843.34802565216
2009-11-17,107196.31161043767
2009-11-18,107035.5144658582
2009-11-19,106538.62870269868
2009-11-20,106378.79568563617
2009-11-23,104348.80426907366
2009-11-24,104192.26096757367
2009-11-25,101108.11113351567
2009-11-27,100956.45069585166
2009-11-30,100182.21649674566
2009-12-01,100031.98732133515
2009-12-02,97786.22847860065
2009-12-03,97639.55560586066
2009-12-04,102534.03798545065
2009-12-07,102380.24993422766
2009-12-08,106357.52184543715
2009-12-09,106198.01643718466
2009-12-10,105777.44953965716
2009-12-11,105618.86079435717
2009-12-14,106961.05209912117
2009-12-15,106800.65560543918
2009-12-16,108168.04780810919
2009-12-17,108005.87687714517
2009-12-18,110487.7554800652
2009-12-21,110322.06771621421
2009-12-22,110445.58921933173
2009-12-23,110279.97469038423
2009-12-24,110537.37543610173
2009-12-28,110371.61461290573
2009-12-29,109076.97172675775
2009-12-30,108913.42357987475
2009-12-31,109532.16378943478
2010-01-04,109367.91532619079
2010-01-05,110304.25468000029
2010-01-06,110138.83434576279
2010-01-07,109505.57699567528
2010-01-08,109341.34897560228
2010-01-11,108494.61202748679
2010-01-12,108331.86685996481
2010-01-13,107023.40074353882
2010-01-14,107023.40074353882
2010-01-15,106862.86218923384
2010-01-19,105956.64151430984
2010-01-20,105797.70649231586
2010-01-21,110145.76024148085
2010-01-22,109980.60279934487
2010-01-25,108233.81880142487
2010-01-26,108071.53761071988
2010-01-27,106776.22626400492
2010-01-28,106616.11512941091
2010-01-29,102743.78569105492
2010-02-01,102589.6973713969
2010-02-02,102578.8088467109
2010-02-03,102425.01439097492
2010-02-04,96672.21090695092
2010-02-05,96527.23891105491
2010-02-08,92721.96454200293
2010-02-09,92582.90687489293
2010-02-10,92035.42537243795
2010-02-11,91897.42498013546
2010-02-12,91108.73886406046
2010-02-16,90972.14137923798
2010-02-17,90250.42876351796
2010-02-18,90115.07831573598
2010-02-19,89885.331966204
2010-02-22,89750.4970836515
2010-02-23,92891.149921539
2010-02-24,92891.149921539
2010-02-25,92891.149921539
2010-02-26,92891.149921539
2010-03-01,92751.834207595
2010-03-02,90443.782411842
2010-03-03,90308.15184510598
2010-03-04,91714.62141778198
2010-03-05,91577.03053670199
2010-03-08,92408.950606857
2010-03-09,92270.3507917005
2010-03-10,93512.55748027201
2010-03-11,93372.30153334352
2010-03-12,93789.47335861503
2010-03-15,93648.79612266303
2010-03-16,90873.44981330102
2010-03-17,90737.144378596
2010-03-18,91131.78767442302
2010-03-19,90995.10147168303
2010-03-22,90932.77165559103
2010-03-23,90796.35147614704
2010-03-24,94241.10996354306
2010-03-25,94099.73139794555
2010-03-26,91879.14651504456
2010-03-29,91879.14651504456
2010-03-30,91879.14651504456
2010-03-31,91741.37628893855
2010-04-01,95886.11475146856
2010-04-05,95886.11475146856
2010-04-06,95886.11475146856
2010-04-07,95886.11475146856
2010-04-08,95742.30905468456
2010-04-09,94622.42018070606
2010-04-12,94480.52148804204
2010-04-13,95222.81304618606
2010-04-14,95080.00422300005
2010-04-15,95821.94688544657
2010-04-16,95678.2479530626
2010-04-19,95432.26107992712
2010-04-20,95289.14199069762
2010-04-21,94261.71167898162
2010-04-22,94120.34780098661
2010-04-23,92482.60283445913
2010-04-26,92343.91809062165
2010-04-27,91821.37087536167
2010-04-28,91683.67879602566
2010-04-29,90527.18460676968
2010-04-30,90391.43479079666
2010-05-03,91223.93326021366
2010-05-04,91087.12538204566
2010-05-05,91686.62257536013
2010-05-06,91549.10092319615
2010-05-07,92899.14845007616
2010-05-10,92899.14845007616
2010-05-11,92759.81315116267
2010-05-12,92030.53719059419
2010-05-13,91892.4761337917
2010-05-14,91070.21303655171
2010-05-17,90933.61429664769
2010-05-18,91447.60334140371
2010-05-19,91310.43821335872
2010-05-20,95571.54346528972
2010-05-21,95571.54346528972
2010-05-24,95571.54346528972
2010-05-25,95571.54346528972
2010-05-26,95571.54346528972
2010-05-27,95571.54346528972
2010-05-28,95571.54346528972
2010-06-01,95571.54346528972
2010-06-02,95571.54346528972
2010-06-03,95428.17891090922
2010-06-04,97071.07315712873
2010-06-07,96925.53737536674
2010-06-08,97803.44177756873
2010-06-09,97803.44177756873
2010-06-10,97656.82327101873
2010-06-11,97874.65531001874
2010-06-14,97727.89511425476
2010-06-15,100027.48905598377
2010-06-16,100027.48905598377
2010-06-17,100027.48905598377
2010-06-18,99877.4409976808
2010-06-21,102704.4153533148
2010-06-22,102550.3560635348
2010-06-23,102119.20503402781
2010-06-24,101966.04168949982
2010-06-25,98220.10147038184
2010-06-28,98072.77451274282
2010-06-29,100511.69830661884
2010-06-30,100360.94669341235
2010-07-01,104837.74493147734
2010-07-02,104837.74493147734
2010-07-06,104837.74493147734
2010-07-07,104680.54126771734
2010-07-08,103000.19990371235
2010-07-09,103000.19990371235
2010-07-12,103000.19990371235
2010-07-13,103000.19990371235
2010-07-14,103000.19990371235
2010-07-15,103000.19990371235
2010-07-16,102845.77228199136
2010-07-19,100556.33798255437
2010-07-20,100405.54619537437
2010-07-21,99428.50088125688
2010-07-22,99279.42338231589
2010-07-23,99251.4754778629
2010-07-26,99102.6357931669
2010-07-27,95604.66102073091
2010-07-28,95461.32471388293
2010-07-29,95761.30232867294
2010-07-30,95617.72255969794
2010-08-02,94772.74394939894
2010-08-03,94630.62549036495
2010-08-04,96853.69196671995
2010-08-05,96853.69196671995
2010-08-06,96853.69196671995
2010-08-09,96853.69196671995
2010-08-10,96853.69196671995
2010-08-11,96853.69196671995
2010-08-12,96708.49881212895
2010-08-13,95507.47915546545
2010-08-16,95364.22705008947
2010-08-17,94183.28082744348
2010-08-18,94042.01085113749
2010-08-19,94551.83030054749
2010-08-20,94410.036766319
2010-08-23,95209.16154584898
2010-08-24,95066.355805635
2010-08-25,91833.47726517501
2010-08-26,91695.75367684553
2010-08-27,90390.12155864155
2010-08-30,90254.55649006553
2010-08-31,89113.79110683953
2010-09-01,88980.12081845953
2010-09-02,87545.15184720955
2010-09-03,87413.85694676955
2010-09-07,86768.46437058954
2010-09-08,86638.32320944153
2010-09-09,88079.93827533354
2010-09-10,87947.82158591454
2010-09-13,87901.87602739855
2010-09-14,87770.06501555305
2010-09-15,87958.52307583705
2010-09-16,87826.58950385854
2010-09-17,88728.80148917904
2010-09-20,88595.73996181102
2010-09-21,87899.95472828302
2010-09-22,87768.15313479702
2010-09-23,88511.40282319703
2010-09-24,88378.64898873055
2010-09-27,88904.84102172055
2010-09-28,88771.47546023106
2010-09-29,88746.84400305054
2010-09-30,88613.72164546605
2010-10-01,87399.78130549556
2010-10-04,87268.72227640556
2010-10-05,84508.04815070156
2010-10-06,84381.30939104158
2010-10-07,86540.62332005758
2010-10-08,86410.84230282158
2010-10-11,86068.13184379558
2010-10-12,85939.01909972756
2010-10-13,83671.33626415557
2010-10-14,83545.84075044209
2010-10-15,84471.98429072909
2010-10-18,84345.3056400261
2010-10-19,88378.08254738309
2010-10-20,88245.6040505991
2010-10-21,86314.7986168251
2010-10-22,86185.3732534131
2010-10-25,87375.00138329912
2010-10-26,87375.00138329912
2010-10-27,87375.00138329912
2010-10-28,87243.96801506412
2010-10-29,88550.37941905712
2010-11-01,88550.37941905712
2010-11-02,88417.59744497364
2010-11-03,88942.01069670664
2010-11-04,88942.01069670664
2010-11-05,88808.59680183364
2010-11-08,86153.49093829414
2010-11-09,86024.28692865814
2010-11-10,83584.67931686615
2010-11-11,83459.32519550616
2010-11-12,85611.78033410615
2010-11-15,85483.37996500067
2010-11-16,87657.13630600266
2010-11-17,87525.64150871715
2010-11-18,85971.27132467466
2010-11-19,85842.33289448266
2010-11-22,84624.87773327465
2010-11-23,84497.93633418364
2010-11-24,84370.91027927466
2010-11-26,84244.36496861014
2010-11-29,83838.60505891865
2010-11-30,83712.83977465864
2010-12-01,82472.88140269865
2010-12-02,82349.16287295964
2010-12-03,80158.55323684266
2010-12-06,80038.31184067269
2010-12-07,81717.44629522269
2010-12-08,81717.44629522269
2010-12-09,81594.88068005072
2010-12-10,81217.20723390071
2010-12-13,81217.20723390071
2010-12-14,81095.38835773272
2010-12-15,82537.55360576174
2010-12-16,82413.73163751375
2010-12-17,82124.84390739375
2010-12-20,82001.70642790674
2010-12-21,81975.47614381574
2010-12-22,81975.47614381574
2010-12-23,81975.47614381574
2010-12-27,81975.47614381574
2010-12-28,81852.50488990174
2010-12-29,81461.61233709675
2010-12-30,81339.44384650575
2010-12-31,80440.33194824775
2011-01-03,80440.33194824775
2011-01-04,80319.75134810776
2011-01-05,79205.46353060777
2011-01-06,79086.73173252978
2011-01-07,78968.07906260778
2011-01-10,78849.69781884228
2011-01-11,80268.47715430279
2011-01-12,80148.1260406328
2011-01-13,77457.6749072828
2011-01-14,77341.52093219281
2011-01-18,78520.3447482053
2011-01-19,78402.6205823928
2011-01-20,77264.3825496428
2011-01-21,77148.57011836281
2011-01-24,76260.85818707482
2011-01-25,76146.54615976283
2011-01-26,78998.39998434683
2011-01-27,78879.98388846785
2011-01-28,79596.34719732385
2011-01-31,79476.99731178535
2011-02-01,81604.10146919785
2011-02-02,81481.76215551537
2011-02-03,83638.54681793037
2011-02-04,83513.12614497037
2011-02-07,83357.14507758539
2011-02-08,83357.14507758539
2011-02-09,83357.14507758539
2011-02-10,83232.1490911404
2011-02-11,82690.13778622291
2011-02-14,82690.13778622291
2011-02-15,82566.1427381874
2011-02-16,81958.7699014374
2011-02-17,81835.8392344899
2011-02-18,80898.46446686641
2011-02-22,80777.1269661864
2011-02-23,79118.50943541841
2011-02-24,78999.86199275342
2011-02-25,77275.21134665942
2011-02-28,77159.34388402542
2011-03-01,75892.56891710644
2011-03-02,75778.76343641595
2011-03-03,76726.79106726544
2011-03-04,76611.69602257294
2011-03-07,77031.31046675795
2011-03-08,76915.78842294593
2011-03-09,77474.93627962594
2011-03-10,77358.71721573145
2011-03-11,75888.56623171296
2011-03-14,75774.75845528799
2011-03-15,77345.98950800799
2011-03-16,77345.98950800799
2011-03-17,77229.99834917199
2011-03-18,78348.472747129
2011-03-21,78230.99660646399
2011-03-22,78397.45247926899
2011-03-23,78397.45247926899
2011-03-24,78397.45247926899
2011-03-25,78279.844019161
2011-03-28,79496.6034639925
2011-03-29,79377.3843695365
2011-03-30,80749.39938368951
2011-03-31,80749.39938368951
2011-04-01,80749.39938368951
2011-04-04,80749.39938368951
2011-04-05,80749.39938368951
2011-04-06,80628.26591997452
2011-04-07,80752.10282203152
2011-04-08,80631.02712355503
2011-04-11,82774.92530336205
2011-04-12,82650.75393961805
2011-04-13,82772.08371397006
2011-04-14,82647.96697401206
2011-04-15,82791.78101377607
2011-04-18,82667.62021251004
2011-04-19,81480.78658227705
2011-04-20,81358.59081278206
2011-04-21,80565.41637933106
2011-04-25,80444.58720915108
2011-04-26,81472.9994331311
2011-04-27,81350.77741488862
2011-04-28,81642.68948742862
2011-04-29,81520.2748839026
2011-05-02,84039.50160981111
2011-05-03,84039.50160981111
2011-05-04,83913.51353778111
2011-05-05,80570.90811704511
2011-05-06,80450.07693340511
2011-05-09,81788.37514766511
2011-05-10,81665.7632546531
2011-05-11,78800.17846307812
2011-05-12,78682.02714242812
2011-05-13,77931.30464627812
2011-05-16,77814.49196369211
2011-05-17,78469.26252061012
2011-05-18,78351.59463555164
2011-05-19,78559.33760102066
2011-05-20,78441.58286852266
2011-05-23,77762.16221372667
2011-05-24,77645.57921567667
2011-05-25,78174.19709877268
2011-05-26,78057.02484687018
2011-05-27,79018.16144869769
2011-05-31,78899.70095002268
2011-06-01,77332.67989579019
2011-06-02,77216.7033803337
2011-06-03,76924.44999698071
2011-06-06,76924.44999698071
2011-06-07,76809.10013984071
2011-06-08,74952.81173016572
2011-06-09,74840.41515412471
2011-06-10,73406.13673519473
2011-06-13,73296.10006152572
2011-06-14,74426.69670790623
2011-06-15,74426.69670790623
2011-06-16,74315.11494838023
2011-06-17,74446.55470556224
2011-06-20,74334.91551439874
2011-06-21,76741.09569632524
2011-06-22,76626.03242268124
2011-06-23,75572.94462757024
2011-06-24,75459.63381488525
2011-06-27,75302.05011786276
2011-06-28,75189.12244134727
2011-06-29,76613.34571855476
2011-06-30,76498.51378599876
2011-07-01,75185.87530571375
2011-07-05,75073.18629872827
2011-07-06,75894.42298084027
2011-07-07,75780.58594167278
2011-07-08,75665.12566756777
2011-07-11,75551.66754155378
2011-07-12,73096.01066126078
2011-07-13,72986.35177041279
2011-07-14,73406.91426401079
2011-07-15,73296.8059265283
2011-07-18,72015.3993692758
2011-07-19,71907.4066538508
2011-07-20,71038.6522145008
2011-07-21,70932.10750624583
2011-07-22,69947.49127865833
2011-07-25,69842.59041077385
2011-07-26,69691.03478990085
2011-07-27,69586.53335732686
2011-07-28,69910.90089204886
2011-07-29,69806.03281972888
2011-08-01,69060.90364443288
2011-08-02,68957.34234887536
2011-08-03,67959.39207294288
2011-08-04,67857.44801812536
2011-08-05,68327.42295850786
2011-08-08,68327.42295850786
2011-08-09,68327.42295850786
2011-08-10,68327.42295850786
2011-08-11,68327.42295850786
2011-08-12,68327.42295850786
2011-08-15,68327.42295850786
2011-08-16,68327.42295850786
2011-08-17,68327.42295850786
2011-08-18,68327.42295850786
2011-08-19,68327.42295850786
2011-08-22,68327.42295850786
2011-08-23,68224.95707469137
2011-08-24,69837.17699110036
2011-08-25,69732.4827378214
2011-08-26,68002.1231135204
2011-08-29,67900.15533511339
2011-08-30,66655.0509508424
2011-08-31,66555.12196910991
2011-09-01,65785.8736367174
2011-09-02,65687.1859035974
2011-09-06,65234.1014798174
2011-09-07,65136.29790587939
2011-09-08,63840.866857933404
2011-09-09,63745.09670646192
2011-09-12,65467.36065562042
2011-09-13,65369.15645726843
2011-09-14,66554.37375440245
2011-09-15,66454.59289477945
2011-09-16,65171.51070867144
2011-09-19,65073.809136721444
2011-09-20,62807.26803840893
2011-09-21,62713.05167933394
2011-09-22,67443.29583955643
2011-09-23,67443.29583955643
2011-09-26,67342.16677310043
2011-09-27,66958.86895222643
2011-09-28,66858.49953940394
2011-09-29,67247.80674489895
2011-09-30,67146.98160771895
2011-10-03,66145.01206111646
2011-10-04,66045.81154679696
2011-10-05,68913.56361678748
2011-10-06,68810.267790819
2011-10-07,67021.367269185
2011-10-10,66920.915585448
2011-10-11,66902.69645482949
2011-10-12,66802.3829131245
2011-10-13,65423.4165445095
2011-10-14,65325.30206208001
2011-10-17,63649.4384534175
2011-10-18,63554.0149991985
2011-10-19,59677.21492435801
2011-10-20,59587.77610635301
2011-10-21,60428.624922670504
2011-10-24,60338.0062165005
2011-10-25,61710.0554290725
2011-10-26,61710.0554290725
2011-10-27,61617.5466706075
2011-10-28,60040.952778172505
2011-10-31,59950.91444595751
2011-11-01,59983.850404597506
2011-11-02,59893.91824597952
2011-11-03,57940.02952604553
2011-11-04,57853.18175795454
2011-11-07,55898.75305218305
2011-11-08,55814.96966829006
2011-11-09,57356.04293842207
2011-11-10,57270.055533947576
2011-11-11,55103.62985079007
2011-11-14,55020.98151942007
2011-11-15,54793.721488620075
2011-11-16,54711.52285730008
2011-11-17,56866.54140558009
2011-11-18,56781.29042205008
2011-11-21,57728.088940860085
2011-11-22,57728.088940860085
2011-11-23,57728.088940860085
2011-11-25,57641.549539005086
2011-11-28,59015.74423729508
2011-11-29,58927.27639284009
2011-11-30,62997.19772708259
2011-12-01,62902.739243742595
2011-12-02,64917.534054160606
2011-12-05,64820.205880246605
2011-12-06,66021.68418250661
2011-12-07,65922.72704778661
2011-12-08,63913.10530570661
2011-12-09,63817.27607727461
2011-12-12,61439.62553905061
2011-12-13,61347.54120450061
2011-12-14,59373.344796550606
2011-12-15,59284.35011454161
2011-12-16,60318.51212894262
2011-12-19,60228.049746363125
2011-12-20,62349.38417247162
2011-12-21,62255.91298279062
2011-12-22,61446.97463416962
2011-12-23,61354.83584347363
2011-12-27,60216.53762227364
2011-12-28,60126.286886719645
2011-12-29,61403.29909890165
2011-12-30,61311.26823466915
2012-01-03,64028.26732999516
2012-01-04,63932.24721395516
2012-01-05,63991.09860751517
2012-01-06,63895.18694761517
2012-01-09,64164.04750614317
2012-01-10,64067.88553733467
2012-01-11,63759.911840046174
2012-01-12,63664.31558224519
2012-01-13,62767.27070668819
2012-01-17,62673.132453569204
2012-01-18,62438.4249065402
2012-01-19,62438.4249065402
2012-01-20,62344.771756666196
2012-01-23,61281.1089252932
2012-01-24,61281.1089252932
2012-01-25,61281.1089252932
2012-01-26,61189.2152092457
2012-01-27,59599.05552231321
2012-01-30,59509.65560822121
2012-01-31,59409.32578788621
2012-02-01,59320.22543490722
2012-02-02,58305.24955617173
2012-02-03,58217.808852791735
2012-02-06,58347.755624731726
2012-02-07,58260.255049315725
2012-02-08,58548.73952847172
2012-02-09,58548.73952847172
2012-02-10,58548.73952847172
2012-02-13,58548.73952847172
2012-02-14,58548.73952847172
2012-02-15,58548.73952847172
2012-02-16,58548.73952847172
2012-02-17,58460.92775282372
2012-02-21,56587.25182990672
2012-02-22,56502.41443846673
2012-02-23,55998.476636698724
2012-02-24,55914.48760237873
2012-02-27,56257.84691608072
2012-02-28,56257.84691608072
2012-02-29,56257.84691608072
2012-03-01,56257.84691608072
2012-03-02,56257.84691608072
2012-03-05,56173.53131824672
2012-03-06,54865.210149130726
2012-03-07,54782.941653436734
2012-03-08,55314.00299822873
2012-03-09,55231.08521067623
2012-03-12,54288.019494981236
2012-03-13,54206.60412656824
2012-03-14,51994.18833235375
2012-03-15,51916.24583968025
2012-03-16,51641.09053407324
2012-03-19,51563.64573774325
2012-03-20,51766.20014225725
2012-03-21,51688.619271584255
2012-03-22,50635.65396730676
2012-03-23,50559.74106743876
2012-03-26,51397.37491474076
2012-03-27,51320.299781590766
2012-03-28,50247.19687845326
2012-03-29,50171.855044877266
2012-03-30,50556.06536454928
2012-04-02,50480.30102618529
2012-04-03,48753.98597400929
2012-04-04,48680.91700030079
2012-04-05,48128.64344252279
2012-04-09,48056.49809408679
2012-04-10,48552.789248143796
2012-04-11,48480.0330161478
2012-04-12,50156.659206624296
2012-04-13,50081.4955304143
2012-04-16,49121.5667195523
2012-04-17,49047.9335713483
2012-04-18,48486.40326971281
2012-04-19,48413.704376323316
2012-04-20,47832.59451260132
2012-04-23,47760.86063877782
2012-04-24,47731.49601529382
2012-04-25,47659.96491153783
2012-04-26,47577.91335000183
2012-04-27,47506.59369970683
2012-04-30,46999.03377603034
2012-05-01,46928.56898159234
2012-05-02,46020.45116555134
2012-05-03,45951.47070472635
2012-05-04,46007.823065788856
2012-05-07,45938.84975634686
2012-05-08,44313.26612529186
2012-05-09,44246.820564151865
2012-05-10,44273.183975743865
2012-05-11,44206.82169835587
2012-05-14,42701.53661917986
2012-05-15,42637.53022882586
2012-05-16,42736.60565082186
2012-05-17,42672.56284183236
2012-05-18,42922.88368171837
2012-05-21,42858.52540610837
2012-05-22,42315.83042916937
2012-05-23,42252.37017880137
2012-05-24,42426.86693230538
2012-05-25,42363.23780066238
2012-05-29,41563.40473362938
2012-05-30,41501.07396362939
2012-05-31,40997.78300879739
2012-06-01,40936.3533625719
2012-06-04,41514.920600755904
2012-06-05,41452.65528328241
2012-06-06,41364.38754579491
2012-06-07,41302.357288441905
2012-06-08,40962.849995284916
2012-06-11,40901.43968821292
2012-06-12,39833.93710901293
2012-06-13,39774.21547286293
2012-06-14,39570.38215308494
2012-06-15,39511.024328623935
2012-06-18,38759.15542236794
2012-06-19,38701.040704399944
2012-06-20,38976.53912494394
2012-06-21,38918.097226572434
2012-06-22,39042.60251329995
2012-06-25,39042.60251329995
2012-06-26,39042.60251329995
2012-06-27,39042.60251329995
2012-06-28,39042.60251329995
2012-06-29,39042.60251329995
2012-07-02,38984.056109334946
2012-07-03,40439.654911489946
2012-07-05,40379.03949508394
2012-07-06,39120.92588132144
2012-07-09,39062.25820694645
2012-07-10,37688.859090448954
2012-07-11,37632.38766491296
2012-07-12,37361.23632692896
2012-07-13,37305.21285015946
2012-07-16,37134.60084952997
2012-07-17,37078.933402397466
2012-07-18,36526.69883085497
2012-07-19,36471.94132443497
2012-07-20,36531.27702596897
2012-07-23,36476.51549070647
2012-07-24,36421.790450968976
2012-07-25,36367.18068377898
2012-07-26,37039.16619979398
2012-07-27,36983.67071446298
2012-07-30,37416.0006765545
2012-07-31,37359.90522079999
2012-08-01,36825.00924527599
2012-08-02,36769.822355775985
2012-08-03,37379.673578275986
2012-08-06,37323.63055149198
2012-08-07,37706.16629387599
2012-08-08,37649.64054957348
2012-08-09,37112.64730402098
2012-08-10,37056.980795710995
2012-08-13,37490.575255803495
2012-08-14,37434.3513473555
2012-08-15,37224.9424903445
2012-08-16,37169.147179483
2012-08-17,37357.6026643055
2012-08-20,37301.567631378006
2012-08-21,36604.9955995355
2012-08-22,36550.129614295496
2012-08-23,36518.14137097551
2012-08-24,36463.36905950051
2012-08-27,36894.26893496601
2012-08-28,36838.95261988601
2012-08-29,37193.70185171001
2012-08-30,37137.94267130102
2012-08-31,35557.64021159902
2012-09-04,35504.29924784902
2012-09-05,35345.36455889902
2012-09-06,35292.37600464003
2012-09-07,34303.65219875003
2012-09-10,34252.24168530203
2012-09-11,33982.15330359204
2012-09-12,33931.19291605205
2012-09-13,32197.637643572052
2012-09-14,32149.34037702905
2012-09-17,32067.49368433855
2012-09-18,32019.416445428556
2012-09-19,31699.277575527558
2012-09-20,31651.72704498956
2012-09-21,31358.68904898356
2012-09-24,31311.67511302106
2012-09-25,31768.259387921058
2012-09-26,31720.615504511057
2012-09-27,30744.26846428106
2012-09-28,30698.184678665068
2012-10-01,30496.83958578207
2012-10-02,30451.10588543207
2012-10-03,30866.88319120707
2012-10-04,30820.594900782067
2012-10-05,31082.187069932068
2012-10-08,31035.60324905007
2012-10-09,31675.330675589074
2012-10-10,31627.824491264073
2012-10-11,31520.16655057407
2012-10-12,31520.16655057407
2012-10-15,31472.96101563907
2012-10-16,32009.405490321573
2012-10-17,31961.43312636207
2012-10-18,30957.93674132607
2012-10-19,30911.50937169307
2012-10-22,31300.895506044573
2012-10-23,31300.895506044573
2012-10-24,31253.975879380574
2012-10-25,32148.972045194078
2012-10-26,32100.763453018077
2012-10-31,33086.370502862075
2012-11-01,33086.370502862075
2012-11-02,33036.78760273607
2012-11-05,32767.74736695207
2012-11-06,32718.636572142077
2012-11-07,33114.090929552076
2012-11-08,33064.438731834576
2012-11-09,32564.94023177458
2012-11-12,32516.112233198586
2012-11-13,32110.949950323586
2012-11-14,32062.84245733609
2012-11-15,31167.414538511093
2012-11-16,31120.671430667095
2012-11-19,31971.8949981531
2012-11-20,31923.9973575931
2012-11-21,32374.3434476331
2012-11-23,32325.8119028421
2012-11-26,32244.810511857602
2012-11-27,32196.480553239606
2012-11-28,32405.538319728614
2012-11-29,32356.98516773762
2012-11-30,31979.05806027812
2012-12-03,31931.114301850623
2012-12-04,31999.992106260615
2012-12-05,31952.01180315562
2012-12-06,32031.062754855622
2012-12-07,31983.061752353122
2012-12-10,32345.491422863124
2012-12-11,32296.98219200763
2012-12-12,33154.92706925463
2012-12-13,33105.20753359863
2012-12-14,33119.07369307864
2012-12-17,33119.07369307864
2012-12-18,33119.07369307864
2012-12-19,33069.46164123864
2012-12-20,32837.94787397464
2012-12-21,32788.75478724314
2012-12-24,32865.413535978645
2012-12-26,32816.15909080114
2012-12-27,32959.23069426965
2012-12-28,32909.84846501166
2012-12-31,33926.19074191566
2013-01-02,33926.19074191566
2013-01-03,33875.318644935665
2013-01-04,33704.52399856117
2013-01-07,33704.52399856117
2013-01-08,33704.52399856117
2013-01-09,33704.52399856117
2013-01-10,33653.98329927517
2013-01-11,33566.65957212517
2013-01-14,33516.31880246018
2013-01-15,33717.87135124418
2013-01-16,33717.87135124418
2013-01-17,33717.87135124418
2013-01-18,33717.87135124418
2013-01-22,33717.87135124418
2013-01-23,33667.30384769919
2013-01-24,34662.22407572171
2013-01-25,34610.27691877271
2013-01-28,34203.42441348522
2013-01-29,34152.171693938224
2013-01-30,33891.04835637522
2013-01-31,33840.252950215225
2013-02-01,34302.08161305523
2013-02-04,34250.676661781225
2013-02-05,34130.85875978022
2013-02-06,34079.693027219226
2013-02-07,34100.93271002022
2013-02-08,34049.81578722372
2013-02-11,33308.92884560023
2013-02-12,33259.02242116873
2013-02-13,32670.860632551732
2013-02-14,32621.896340559735
2013-02-15,31411.06356772874
2013-02-19,31363.98958162874
2013-02-20,29814.403415328743
2013-02-21,29769.730362773244
2013-02-22,29607.824182109252
2013-02-25,29563.466252559752
2013-02-26,29909.56855511775
2013-02-27,29864.747578770744
2013-02-28,29111.011133112745
2013-03-01,29067.365646965245
2013-03-04,28085.28858317775
2013-03-05,28043.201816430246
2013-03-06,29191.405619202753
2013-03-07,29147.626887154758
2013-03-08,29222.46823708726
2013-03-11,29178.653326483764
2013-03-12,29884.754472093766
2013-03-13,29839.944392377765
2013-03-14,30118.027315767766
2013-03-15,30072.878142558264
2013-03-18,30137.824767383267
2013-03-19,30092.650144193263
2013-03-20,29958.850764989264
2013-03-21,29958.850764989264
2013-03-22,29958.850764989264
2013-03-25,29958.850764989264
2013-03-26,29913.956273145268
2013-03-27,30356.519705069266
2013-03-28,30356.519705069266
2013-04-01,30356.519705069266
2013-04-02,30356.519705069266
2013-04-03,30356.519705069266
2013-04-04,30311.00900589127
2013-04-05,30139.22830882427
2013-04-08,30094.033392872272
2013-04-09,31220.59894856927
2013-04-10,31173.799319891274
2013-04-11,30743.181327356277
2013-04-12,30697.089553551275
2013-04-15,27669.44609432628
2013-04-16,27627.957159789785
2013-04-17,26169.893260961286
2013-04-18,26130.674230307286
2013-04-19,26453.200125092288
2013-04-22,26413.53602813229
2013-04-23,25781.50798845229
2013-04-24,25742.86484819779
2013-04-25,25993.675811883797
2013-04-26,25954.713056126297
2013-04-29,26276.419669976294
2013-04-30,26237.046150843293
2013-05-01,25610.426808899298
2013-05-02,25572.0384340383
2013-05-03,25576.599182393296
2013-05-06,25538.265794855295
2013-05-07,24770.110004921295
2013-05-08,24733.000825816795
2013-05-09,24273.810276551296
2013-05-10,24237.433324941296
2013-05-13,23576.1800621318
2013-05-14,23576.1800621318
2013-05-15,23576.1800621318
2013-05-16,23576.1800621318
2013-05-17,23540.8492531198
2013-05-20,24967.405633661303
2013-05-21,24929.995035617307
2013-05-22,25248.11548768131
2013-05-23,25210.28070428931
2013-05-24,24820.409844386315
2013-05-28,24783.203726979817
2013-05-29,25891.636976553815
2013-05-30,25852.811555559318
2013-05-31,25332.127680249818
2013-06-03,25332.127680249818
2013-06-04,25294.138083171318
2013-06-05,25145.44232349232
2013-06-06,25107.75516356782
2013-06-07,26141.702486519323
2013-06-10,26102.523118581823
2013-06-11,25238.398763414327
2013-06-12,25200.55401370133
2013-06-13,25419.88431018233
2013-06-14,25381.75960965333
2013-06-17,25284.302627573332
2013-06-18,25246.37927690533
2013-06-19,25994.98809676283
2013-06-20,25956.016915697834
2013-06-21,26245.203933575336
2013-06-24,26205.861690864334
2013-06-25,26023.35570337284
2013-06-26,25984.34420792419
2013-06-27,26587.325336888192
2013-06-28,26547.45724395219
2013-07-01,26931.175638986195
2013-07-02,26890.813803524197
2013-07-03,27371.470466873197
2013-07-05,27330.441726683694
2013-07-08,26728.857186660694
2013-07-09,26688.783033060692
2013-07-10,26620.17847236069
2013-07-11,26580.274247384692
2013-07-12,25902.031282698692
2013-07-15,25863.214181976695
2013-07-16,27215.451970257698
2013-07-17,27174.6682542157
2013-07-18,27025.4825519617
2013-07-19,26984.9785351217
2013-07-22,28591.667876781703
2013-07-23,28548.810757251704
2013-07-24,29901.095373321707
2013-07-25,29856.251149380703
2013-07-26,29392.19497904471
2013-07-29,29348.11083066071
2013-07-30,29557.30480150871
2013-07-31,29512.96514132371
2013-08-01,30384.850691949712
2013-08-02,30339.265987917708
2013-08-05,30471.325084653712
2013-08-06,30425.624439281717
2013-08-07,30481.717875489718
2013-08-08,30436.003482701723
2013-08-09,29756.436979053724
2013-08-12,29711.81249034323
2013-08-13,30515.13372290623
2013-08-14,30469.383977906233
2013-08-15,28626.91182590623
2013-08-16,28583.992687056238
2013-08-19,29088.705459326236
2013-08-20,29045.065578303736
2013-08-21,30328.169434218737
2013-08-22,30282.703103715736
2013-08-23,29399.21192534924
2013-08-26,29355.142583028246
2013-08-27,30606.911387312248
2013-08-28,30561.004545695247
2013-08-29,30266.628866279247
2013-08-30,30221.24370221175
2013-09-03,29895.958956554256
2013-09-04,29851.13118812626
2013-09-05,30879.95617159126
2013-09-06,30833.64471089226
2013-09-09,31184.12490570526
2013-09-10,31137.372632492756
2013-09-11,30843.769382480255
2013-09-12,30843.769382480255
2013-09-13,30797.519410960253
2013-09-16,30491.92977260025
2013-09-17,30446.225052770256
2013-09-18,33150.85052481525
2013-09-19,33101.168018498254
2013-09-20,31031.17068412426
2013-09-23,30984.655424204262
2013-09-24,30845.04701349226
2013-09-25,30798.812314061262
2013-09-26,30306.596227151265
2013-09-27,30261.161795387266
2013-09-30,30094.810276086766
2013-10-01,30049.69026509477
2013-10-02,30101.894212806772
2013-10-03,30056.75647190677
2013-10-04,29912.397863106777
2013-10-07,29867.566144680277
2013-10-08,28887.78241491378
2013-10-09,28844.466437065785
2013-10-10,28361.267964627783
2013-10-11,28318.761500527784
2013-10-14,28374.825378972793
2013-10-15,28332.291803838798
2013-10-16,27695.305338285798
2013-10-17,27653.7940718078
2013-10-18,27488.724066399798
2013-10-21,27447.5095478048
2013-10-22,28615.8910245923
2013-10-23,28572.9722006373
2013-10-24,27436.135833467306
2013-10-25,27394.9925884553
2013-10-28,27145.003042214303
2013-10-29,27104.291563232306
2013-10-30,26578.08858634581
2013-10-31,26538.221259885802
2013-11-01,27600.298376505805
2013-11-04,27600.298376505805
2013-11-05,27600.298376505805
2013-11-06,27558.891712829307
2013-11-07,28236.16423932081
2013-11-08,28193.826228696817
2013-11-11,28163.29471472932
2013-11-12,28121.046542149325
2013-11-13,27935.175053039326
2013-11-14,27893.281497214328
2013-11-15,28317.59053380533
2013-11-18,28317.59053380533
2013-11-19,28275.150787937335
2013-11-20,27220.56336295734
2013-11-21,27179.745133914843
2013-11-22,26849.599147312598
2013-11-25,26809.3540111374
2013-11-26,26094.1509557134
2013-11-27,26055.04288868495
2013-11-29,26576.999244603852
2013-12-02,26537.145772539854
2013-12-03,26085.088428429102
2013-12-04,26045.968514503
2013-12-05,25356.27181588915
2013-12-06,25318.248790270653
2013-12-09,25922.895512443905
2013-12-10,25884.03067181391
2013-12-11,24927.913057415808
2013-12-12,24890.529072239806
2013-12-13,24971.58217571081
2013-12-16,24934.14275006081
2013-12-17,24698.49796844681
2013-12-18,24661.473955621612
2013-12-19,24187.72410814361
2013-12-20,24151.45718039601
2013-12-23,24175.55121165731
2013-12-24,24139.30248197371
2013-12-26,24137.491030089717
2013-12-27,24137.491030089717
2013-12-30,24137.491030089717
2013-12-31,24101.30756495372
2014-01-02,24974.43788661732
2014-01-03,24936.998606188772
2014-01-06,24762.005104455726
2014-01-07,24724.864059432228
2014-01-08,25038.50233834498
2014-01-09,25000.96336620808
2014-01-10,24126.904680024283
2014-01-13,24090.72583566028
2014-01-14,24651.417162024285
2014-01-15,24614.439492024292
2014-01-16,24323.058038025294
2014-01-17,24286.5900540733
2014-01-21,23843.023850793295
2014-01-22,23807.256187323295
2014-01-23,23172.276936648297
2014-01-24,23137.5146399443
2014-01-27,23866.689766056305
2014-01-28,23830.893929980306
2014-01-29,23109.93571200031
2014-01-30,23075.277246674315
2014-01-31,23050.52854995932
2014-02-03,23015.974806714315
2014-02-04,22728.85164187532
2014-02-05,22694.777951559314
2014-02-06,22700.19674160332
2014-02-07,22666.167108096815
2014-02-10,21876.252308238316
2014-02-11,21843.433255570322
2014-02-12,22563.13581594632
2014-02-13,22529.315517138322
2014-02-14,22077.117863082327
2014-02-18,22044.00465949733
2014-02-19,22646.686988014826
2014-02-20,22612.714806351327
2014-02-21,22689.201498172828
2014-02-24,22655.172275529327
2014-02-25,22923.03971040633
2014-02-26,22888.657929821336
2014-02-27,22933.171459806334
2014-02-28,22898.77144230234
2014-03-03,22481.855412846344
2014-03-04,22448.154606194348
2014-03-05,22069.76693077235
2014-03-06,22036.670329651344
2014-03-07,22498.48519186835
2014-03-10,22464.765061159847
2014-03-11,22309.71569480585
2014-03-12,22276.26595243785
2014-03-13,21653.55908062985
2014-03-14,21621.10823018685
2014-03-17,22300.263936910847
2014-03-18,22300.263936910847
2014-03-19,22300.263936910847
2014-03-20,22300.263936910847
2014-03-21,22266.845263064846
2014-03-24,21192.553028181344
2014-03-25,21160.771834980347
2014-03-26,20291.116133604348
2014-03-27,20260.701963425854
2014-03-28,20476.764945517854
2014-03-31,20446.068766867855
2014-04-01,20489.002502377854
2014-04-02,20458.29480588986
2014-04-03,20263.59787624986
2014-04-04,20233.22808635986
2014-04-07,20224.32832399086
2014-04-08,20194.021255000862
2014-04-09,20313.49448148336
2014-04-10,20283.032868495862
2014-04-11,19964.424312183368
2014-04-14,19934.50302324387
2014-04-15,19502.54346685237
2014-04-16,19473.31535639537
2014-04-17,19255.487983401374
2014-04-21,19226.635361065375
2014-04-22,19442.921858145375
2014-04-23,19413.775569953377
2014-04-24,19113.56780240138
2014-04-25,19113.56780240138
2014-04-28,19084.913441539877
2014-04-29,18817.093670007373
2014-04-30,18788.86938523937
2014-05-01,18987.331940190372
2014-05-02,18987.331940190372
2014-05-05,18987.331940190372
2014-05-06,18987.331940190372
2014-05-07,18987.331940190372
2014-05-08,18958.880856155873
2014-05-09,18906.373887634873
2014-05-12,18878.03868871587
2014-05-13,18698.955787638373
2014-05-14,18670.943362774877
2014-05-15,18313.224771528377
2014-05-16,18313.224771528377
2014-05-19,18313.224771528377
2014-05-20,18313.224771528377
2014-05-21,18313.224771528377
2014-05-22,18285.76993546588
2014-05-23,18180.575170090884
2014-05-27,18153.337169782884
2014-05-28,17818.901084652083
2014-05-29,17792.204111826482
2014-05-30,17972.90629569848
2014-06-02,17945.952381004132
2014-06-03,18007.55806203578
2014-06-04,17980.56783464123
2014-06-05,18251.409252516234
2014-06-06,18224.044422445735
2014-06-09,18092.338551258235
2014-06-10,18065.21719831974
2014-06-11,18343.54723520424
2014-06-12,18343.54723520424
2014-06-13,18343.54723520424
2014-06-16,18316.030018668243
2014-06-17,18192.478595268247
2014-06-18,18165.206473506754
2014-06-19,17139.767686441755
2014-06-20,17114.08598386375
2014-06-23,16803.03161997775
2014-06-24,16777.844698417746
2014-06-25,16577.47253352475
2014-06-26,16552.610621092255
2014-06-27,16527.732128524756
2014-06-30,16502.950941674753
2014-07-01,16591.022334874757
2014-07-02,16566.158444601755
2014-07-03,16535.66155807076
2014-07-07,16510.88833356576
2014-07-08,16231.537190980758
2014-07-09,16207.204408612759
2014-07-10,16497.08719736126
2014-07-11,16472.345735265266
2014-07-14,16887.647093061267
2014-07-15,16862.321383779272
2014-07-16,16542.273241929273
2014-07-17,16517.464092403276
2014-07-18,16553.784009456278
2014-07-21,16528.95831594678
2014-07-22,16682.834832181783
2014-07-23,16682.834832181783
2014-07-24,16657.83293092779
2014-07-25,16152.37453632179
2014-07-28,16128.17115180679
2014-07-29,16211.98348525679
2014-07-30,16211.98348525679
2014-07-31,16211.98348525679
2014-08-01,16187.692418932791
2014-08-04,16009.332938098793
2014-08-05,16009.332938098793
2014-08-06,16009.332938098793
2014-08-07,16009.332938098793
2014-08-08,16009.332938098793
2014-08-11,15985.330303886794
2014-08-12,16225.219390234795
2014-08-13,16200.896063713799
2014-08-14,16333.259296468801
2014-08-15,16333.259296468801
2014-08-18,16333.259296468801
2014-08-19,16333.259296468801
2014-08-20,16333.259296468801
2014-08-21,16333.259296468801
2014-08-22,16333.259296468801
2014-08-25,16308.793818026803
2014-08-26,16658.820274987804
2014-08-27,16633.868011838305
2014-08-28,16838.17411378081
2014-08-29,16812.91824371131
2014-09-02,17350.553909313312
2014-09-03,17350.553909313312
2014-09-04,17350.553909313312
2014-09-05,17324.54360460081
2014-09-08,16725.136759675814
2014-09-09,16700.075908342315
2014-09-10,16362.72975879032
2014-09-11,16338.202636807318
2014-09-12,16051.69331759432
2014-09-15,16027.64742996932
2014-09-16,16053.792217719321
2014-09-17,16029.737192049322
2014-09-18,15787.236273324326
2014-09-19,15763.567476354328
2014-09-22,15427.13616870033
2014-09-23,15404.025524719333
2014-09-24,15163.17709396023
2014-09-25,15140.45029798593
2014-09-26,14880.831024628531
2014-09-29,14858.524338794281
2014-09-30,14546.197579643283
2014-10-01,14524.398417677283
2014-10-02,14658.559591733283
2014-10-03,14636.593924383984
2014-10-06,14975.767576266784
2014-10-07,14953.324405702784
2014-10-08,16038.856311078782
2014-10-09,16014.806070803383
2014-10-10,15629.407338525187
2014-10-13,15605.968452966787
2014-10-14,15759.802192086787
2014-10-15,15736.180521320288
2014-10-16,15668.581459857189
2014-10-17,15645.09789601099
2014-10-20,15983.850816839591
2014-10-21,15959.885474253993
2014-10-22,15440.515302357197
2014-10-23,15417.367184889197
2014-10-24,15326.799764589197
2014-10-27,15303.838083045799
2014-10-28,15586.981633063999
2014-10-29,15563.6057685056
2014-10-30,14399.723863146799
2014-10-31,14378.135784468452
2014-11-03,15054.653932316902
2014-11-04,15032.078002614604
2014-11-05,14469.070734887904
2014-11-06,14447.375026394906
2014-11-07,15591.141563486908
2014-11-10,15567.77279209211
2014-11-11,16185.370645243713
2014-11-12,16161.120654206916
2014-11-13,15897.734372087913
2014-11-14,15873.910721267162
2014-11-17,16158.657075846666
2014-11-18,16134.429299112166
2014-11-19,15221.10789112417
2014-11-20,15198.29431793377
2014-11-21,15306.540751944969
2014-11-24,15283.597686204768
2014-11-25,15895.90055193727
2014-11-26,15895.90055193727
2014-11-28,15872.059160217774
2014-12-01,14659.334646394273
2014-12-02,14637.360654000773
2014-12-03,14321.240724648978
2014-12-04,14299.770215471777
2014-12-05,14621.490195094277
2014-12-08,14599.559243299129
2014-12-09,13898.862826277327
2014-12-10,13878.035917495132
2014-12-11,14016.402151711578
2014-12-12,13995.391069540978
2014-12-15,14930.96400009398
2014-12-16,14908.57146555303
2014-12-17,15652.964355354983
2014-12-18,15629.491885305484
2014-12-19,15456.073064061387
2014-12-22,15432.907199879788
2014-12-23,15268.46975251179
2014-12-24,15245.57435450554
2014-12-26,15625.67204230329
2014-12-29,15602.25969878929
2014-12-30,16116.125123837788
2014-12-31,16091.977677121038
2015-01-02,16500.279216428935
2015-01-05,16475.54678808329
2015-01-06,17327.070747606842
2015-01-07,17301.09506430509
2015-01-08,17525.48850006249
2015-01-09,17525.48850006249
2015-01-12,17499.198680657693
2015-01-13,18221.023819768296
2015-01-14,18193.709084915896
2015-01-15,17141.891197693298
2015-01-16,17116.197797815705
2015-01-20,16491.037937217705
2015-01-21,16466.30984466371
2015-01-22,16543.34274953021
2015-01-23,16518.540847837456
2015-01-26,16197.020872401707
2015-01-27,16172.723508223711
2015-01-28,16790.25198144191
2015-01-29,16765.078836088313
2015-01-30,16226.075881720313
2015-02-02,16201.740886090314
2015-02-03,16589.65533954432
2015-02-04,16564.771472932316
2015-02-05,16331.73116563032
2015-02-06,16307.252356104273
2015-02-09,16006.789953453426
2015-02-10,15982.787147306677
2015-02-11,16245.200381304878
2015-02-12,16245.200381304878
2015-02-13,16220.84771406738
2015-02-17,16716.94860114988
2015-02-18,16691.879245282482
2015-02-19,16293.808377560681
2015-02-20,16269.379281742184
2015-02-23,16316.455607608934
2015-02-24,16292.003528031733
2015-02-25,16578.433700875335
2015-02-26,16553.593652018135
2015-02-27,16765.211681173634
2015-03-02,16765.211681173634
2015-03-03,16740.080691668536
2015-03-04,16435.975625568735
2015-03-05,16411.337833457983
2015-03-06,15154.417767944084
2015-03-09,15131.703207046787
2015-03-10,14889.794781674986
2015-03-11,14867.487049842188
2015-03-12,14739.208149602387
2015-03-13,14717.120644804138
2015-03-16,14711.31343324739
2015-03-17,14689.27400972089
2015-03-18,15401.869656709188
2015-03-19,15378.791339500189
2015-03-20,15877.40996644169
2015-03-23,15853.615464483992
2015-03-24,15741.65155263284
2015-03-25,15718.067533612742
2015-03-26,15447.361571478445
2015-03-27,15424.218194690147
2015-03-30,15098.455024683599
2015-03-31,15075.827628731598
2015-04-01,15862.611799989601
2015-04-02,15838.843015701601
2015-04-06,16385.17324850925
2015-04-07,16360.594325165603
2015-04-08,16447.103573028304
2015-04-09,16422.449089429807
2015-04-10,15927.984695083509
2015-04-13,15904.09478704151
2015-04-14,15739.40201279551
2015-04-15,15715.804396890311
2015-04-16,15881.515499715913
2015-04-17,15857.707756776414
2015-04-20,15753.213271440913
2015-04-21,15729.585477798315
2015-04-22,16208.032184709915
2015-04-23,16208.032184709915
2015-04-24,16208.032184709915
2015-04-27,16208.032184709915
2015-04-28,16183.729653554814
2015-04-29,16001.221708033812
2015-04-30,15977.217840990814
2015-05-01,15865.639180920012
2015-05-04,15841.858123382412
2015-05-05,15977.53533893761
2015-05-06,15953.56560081451
2015-05-07,15832.108040174713
2015-05-08,15808.381679448767
2015-05-11,15744.93500855222
2015-05-12,15721.33262258757
2015-05-13,15313.103251934719
2015-05-14,15290.141591073818
2015-05-15,15322.87208114672
2015-05-18,15299.90364434522
2015-05-19,15831.26864420582
2015-05-20,15831.26864420582
2015-05-21,15807.535954840125
2015-05-22,15859.308788409924
2015-05-26,15835.521532988974
2015-05-27,15650.727108584873
2015-05-28,15627.255021162877
2015-05-29,15603.798576584877
2015-06-01,15580.410527666378
2015-06-02,15776.558100959728
2015-06-03,15752.917449168328
2015-06-04,15473.946419094927
2015-06-05,15450.75223357603
2015-06-08,15575.166557552284
2015-06-09,15551.824665214182
2015-06-10,15698.260188760685
2015-06-11,15674.734311864835
2015-06-12,15518.011865404536
2015-06-15,15494.74964031334
2015-06-16,15271.633472519741
2015-06-17,15248.745235649743
2015-06-18,15419.801019629744
2015-06-19,15396.690288019543
2015-06-22,15105.757583709947
2015-06-23,15083.105228440945
2015-06-24,15068.681634822948
2015-06-25,15046.0856132756
2015-06-26,14957.384047463003
2015-06-29,14934.960642685402
2015-06-30,14783.382961981404
2015-07-01,14761.222527631406
2015-07-02,15020.519205413908
2015-07-06,14998.01490523016
2015-07-07,14261.976676353657
2015-07-08,14240.59493848266
2015-07-09,14278.358649963662
2015-07-10,14256.945431902763
2015-07-13,14261.077143848164
2015-07-14,14239.695454743416
2015-07-15,13886.012770391018
2015-07-16,13865.204504113519
2015-07-17,13227.070196757517
2015-07-20,13207.233391692518
2015-07-21,13517.89689714922
2015-07-22,13497.62813324592
2015-07-23,13017.54622289062
2015-07-24,12998.037300183321
2015-07-27,12506.522134876574
2015-07-28,12487.780059499873
2015-07-29,12705.768183413176
2015-07-30,12686.725493364977
2015-07-31,12929.889344106976
2015-08-03,12910.503452796478
2015-08-04,12900.853878975977
2015-08-05,12881.523260833728
2015-08-06,13152.273415477728
2015-08-07,13132.55315874923
2015-08-10,13954.479120426233
2015-08-11,13933.557398042632
2015-08-12,14842.655780327634
2015-08-13,14820.404922096384
2015-08-14,14596.084872883885
2015-08-17,14574.199642237887
2015-08-18,14310.01688954589
2015-08-19,14288.553984633094
2015-08-20,13686.663160573895
2015-08-21,13666.134534730894
2015-08-24,14738.010936964893
2015-08-25,14715.901160797745
2015-08-26,15394.353079828295
2015-08-27,15371.273027291047
2015-08-28,15860.716296567098
2015-08-31,15836.93452241845
2015-09-01,16274.9473969264
2015-09-02,16250.533767066554
2015-09-03,16519.321870465756
2015-09-04,16519.321870465756
2015-09-08,16519.321870465756
2015-09-09,16494.554999192955
2015-09-10,16444.714313101755
2015-09-11,16420.067094099755
2015-09-14,16240.107965720958
2015-09-15,16215.760290033459
2015-09-16,17111.160132527206
2015-09-17,17085.516048547604
2015-09-18,17308.067552402805
2015-09-21,17282.125065938853
2015-09-22,16467.360309990705
2015-09-23,16442.67250846571
2015-09-24,17588.69107421471
2015-09-25,17562.322123195907
2015-09-28,18360.593131725702
2015-09-29,18333.059387069105
2015-09-30,18743.054060559254
2015-10-01,18743.054060559254
2015-10-02,18743.054060559254
2015-10-05,18714.944378977456
2015-10-06,18016.65508158086
2015-10-07,17989.631911907658
2015-10-08,18182.226991234464
2015-10-09,18154.955351412267
2015-10-12,18654.168758891665
2015-10-13,18626.203317213865
2015-10-14,17403.661277007563
2015-10-15,17377.564729057463
2015-10-16,17877.68020182806
2015-10-19,17850.86930752281
2015-10-20,17123.44586605556
2015-10-21,17097.77638485241
2015-10-22,16793.881659109913
2015-10-23,16768.697381318365
2015-10-26,17287.36015343442
2015-10-27,17261.436290603426
2015-10-28,17413.785062645824
2015-10-29,17387.67761123143
2015-10-30,17545.74892130593
2015-11-02,17519.446128527034
2015-11-03,17609.99108835104
2015-11-04,17583.59803504819
2015-11-05,16944.07796231834
2015-11-06,16918.67210041964
2015-11-09,17345.137197484644
2015-11-10,17319.139239936496
2015-11-11,17517.745934146948
2015-11-12,17491.4859409827
2015-11-13,17647.473284648702
2015-11-16,17621.011409562907
2015-11-17,16780.259258283306
2015-11-18,16755.098473349706
2015-11-19,17320.17449263651
2015-11-20,17294.20281379501
2015-11-23,17152.33102284076
2015-11-24,17126.619669645563
2015-11-25,16940.449646482364
2015-11-27,16915.044504373516
2015-11-30,17247.542636894268
2015-12-01,17221.676767160716
2015-12-02,16723.52861228987
2015-12-03,16698.463942634018
2015-12-04,17537.777620469722
2015-12-07,17511.471573325976
2015-12-08,17608.945963525974
2015-12-09,17608.945963525974
2015-12-10,17582.545534403373
2015-12-11,17357.53575867887
2015-12-14,17331.499215620468
2015-12-15,17265.882233626973
2015-12-16,17265.882233626973
2015-12-17,17239.984427007672
2015-12-18,16811.860038573624
2015-12-21,16786.658714931626
2015-12-22,16651.886759697627
2015-12-23,16626.90627580213
2015-12-24,16279.514103741629
2015-12-28,16255.09264694163
2015-12-29,16071.165949116632
2015-12-30,16047.073237898232
2015-12-31,15962.646888603034
2016-01-04,15962.646888603034
2016-01-05,15962.646888603034
2016-01-06,15938.721922071636
2016-01-07,16606.966057899335
2016-01-08,16582.054490424038
2016-01-11,17228.15317696009
2016-01-12,17228.15317696009
2016-01-13,17202.319057056295
2016-01-14,16582.279728802696
2016-01-15,16557.41357409645
2016-01-19,15797.448951693197
2016-01-20,15773.771339135648
2016-01-21,15774.660836387298
2016-01-22,15751.010115940799
2016-01-25,16163.117580385699
2016-01-26,16138.8792206247
2016-01-27,16380.431487072503
2016-01-28,16355.866446249807
2016-01-29,15946.879486957707
2016-02-01,15922.974989980308
2016-02-02,16253.93585293251
2016-02-03,16253.93585293251
2016-02-04,16229.559753008512
2016-02-05,15292.11281118921
2016-02-08,15269.177717269711
2016-02-09,15856.204227220713
2016-02-10,15832.416986944714
2016-02-11,14669.198752366716
2016-02-12,14647.192196681266
2016-02-16,15873.364172878266
2016-02-17,15849.571022472966
2016-02-18,14852.60847558052
2016-02-19,14830.32656476072
2016-02-22,14670.277006007322
2016-02-23,14648.289032575722
2016-02-24,14474.718508736923
2016-02-25,14453.009104018125
2016-02-26,14947.800691807728
2016-02-29,14925.385805177979
2016-03-01,15521.19765206543
2016-03-02,15497.920228893729
2016-03-03,14862.98108220053
2016-03-04,14840.692119532128
2016-03-07,14301.146834617277
2016-03-08,14279.714988548074
2016-03-09,14184.509940393078
2016-03-10,14163.23324518968
2016-03-11,14441.598020446432
2016-03-14,14419.951653208132
2016-03-15,14076.770932427333
2016-03-16,14055.676972891732
2016-03-17,14318.383772122132
2016-03-18,14296.908911845778
2016-03-21,14282.409903261978
2016-03-22,14261.001478782979
2016-03-23,15316.476240903981
2016-03-24,15316.476240903981
2016-03-28,15316.476240903981
2016-03-29,15293.500598255232
2016-03-30,15509.702604721282
2016-03-31,15486.451853156083
2016-04-01,15358.168253491287
2016-04-04,15358.168253491287
2016-04-05,15358.168253491287
2016-04-06,15358.168253491287
2016-04-07,15335.150554815888
2016-04-08,14842.71301974069
2016-04-11,14820.448032877692
2016-04-12,14689.855918665691
2016-04-13,14667.839803817693
2016-04-14,15065.547480620491
2016-04-15,15042.97133101299
2016-04-18,15037.586905710992
2016-04-19,15015.05470644849
2016-04-20,15270.994724745991
2016-04-21,15248.105133153993
2016-04-22,15658.801921221992
2016-04-25,15635.310652255994
2016-04-26,15238.279083239493
2016-04-27,15215.430864351993
2016-04-28,14512.651723290994
2016-04-29,14490.891399150996
2016-05-02,14722.456129770997
2016-05-03,14700.373446119997
2016-05-04,15443.360324739997
2016-05-05,15420.213131043995
2016-05-06,14786.471699907996
2016-05-09,14764.307594906497
2016-05-10,14185.508752015
2016-05-11,14164.235885335002
2016-05-12,14460.416478511
2016-05-13,14438.740781652503
2016-05-16,14154.312982339005
2016-05-17,14133.094802424004
2016-05-18,15236.557548844004
2016-05-19,15213.708712162505
2016-05-20,15143.807163860505
2016-05-23,15121.116262016507
2016-05-24,15933.637608848509
2016-05-25,15909.76381356851
2016-05-26,15820.472194082513
2016-05-27,15796.750729562515
2016-05-31,15942.830099102515
2016-06-01,15918.941863010516
2016-06-02,15929.757454472518
2016-06-03,15905.87936776252
2016-06-06,15972.79486892952
2016-06-07,15972.79486892952
2016-06-08,15948.85148571852
2016-06-09,15715.754794517521
2016-06-10,15692.18359020552
2016-06-13,15716.764834565522
2016-06-14,15693.211237382524
2016-06-15,15093.008991181025
2016-06-16,15070.384208290026
2016-06-17,14857.436207669529
2016-06-20,14835.147971059032
2016-06-21,15230.73797980303
2016-06-22,15207.90531223003
2016-06-23,15328.274993804533
2016-06-24,15305.294604488536
2016-06-27,15104.440413008535
2016-06-28,15081.788957011539
2016-06-29,14744.39885988254
2016-06-30,14722.29687466754
2016-07-01,13980.02617784504
2016-07-05,13959.067546385044
2016-07-06,13494.390156325044
2016-07-07,13474.185347507047
2016-07-08,13015.196675768548
2016-07-11,12995.68176140905
2016-07-12,13482.96416229405
2016-07-13,13462.74244211505
2016-07-14,13529.67984281505
2016-07-15,13509.411981521553
2016-07-18,13434.657990119553
2016-07-19,13414.512093657557
2016-07-20,14173.960811339555
2016-07-21,14152.730124095053
2016-07-22,14165.619419881055
2016-07-25,14144.404811775054
2016-07-26,13750.573803859055
2016-07-27,13729.961595886056
2016-07-28,13732.784774566057
2016-07-29,13712.20285499356
2016-08-01,13528.507845638562
2016-08-02,13508.248425030564
2016-08-03,13639.093907084563
2016-08-04,13639.093907084563
2016-08-05,13618.663582463563
2016-08-08,13485.231348175068
2016-08-09,13485.231348175068
2016-08-10,13465.020899737567
2016-08-11,13546.12378626257
2016-08-12,13525.80157859057
2016-08-15,13597.474670698071
2016-08-16,13577.081527679074
2016-08-17,13748.840697637075
2016-08-18,13728.239920352575
2016-08-19,14059.168104145074
2016-08-22,14038.096206453074
2016-08-23,14222.458068715074
2016-08-24,14222.458068715074
2016-08-25,14201.135186456073
2016-08-26,14101.879571683074
2016-08-29,14080.752321613074
2016-08-30,13368.127630408073
2016-08-31,13348.089869380075
2016-09-01,13847.805941168577
2016-09-02,13827.069440805079
2016-09-06,14467.070517026577
2016-09-07,14445.377162818078
2016-09-08,14111.12766950658
2016-09-09,14089.99349162808
2016-09-12,14431.741460713081
2016-09-13,14410.100266885582
2016-09-14,14391.523914740583
2016-09-15,14369.963605365581
2016-09-16,14222.766361820582
2016-09-19,14201.449058420585
2016-09-20,14155.582849520582
2016-09-21,14134.383536437585
2016-09-22,14047.335261539583
2016-09-23,14026.274220227584
2016-09-26,14130.300566996584
2016-09-27,14130.300566996584
2016-09-28,14109.136113529585
2016-09-29,13967.942040884585
2016-09-30,13946.997897593586
2016-10-03,14197.658740490586
2016-10-04,14176.380192004586
2016-10-05,14251.830582920587
2016-10-06,14230.472745013587
2016-10-07,14283.106045964589
2016-10-10,14261.68604834459
2016-10-11,13877.02584406459
2016-10-12,13856.235426234589
2016-10-13,14078.04855454159
2016-10-14,14056.945996699591
2016-10-17,14237.754303641592
2016-10-18,14216.429293673593
2016-10-19,14591.099829929595
2016-10-20,14569.241014085595
2016-10-21,14456.165772245595
2016-10-24,14434.489316668098
2016-10-25,14748.111793139597
2016-10-26,14725.999920971597
2016-10-27,14471.721463874595
2016-10-28,14450.037634840097
2016-10-31,14858.5582182926
2016-11-01,14836.279759114099
2016-11-02,14578.057498636099
2016-11-03,14556.203005896099
2016-11-04,14707.313104996103
2016-11-07,14685.276001646605
2016-11-08,14724.559097117606
2016-11-09,14702.490445787607
2016-11-10,15776.990034587609
2016-11-11,15753.345898185062
2016-11-14,15891.51953281011
2016-11-15,15867.698920501862
2016-11-16,15707.121082570864
2016-11-17,15683.570269315664
2016-11-18,15487.338498892863
2016-11-21,15464.120554156863
2016-11-22,15498.476045115065
2016-11-23,15475.239722405115
2016-11-25,15542.513385130265
2016-11-28,15519.217942570263
2016-11-29,15365.573799850265
2016-11-30,15342.541355177018
2016-12-01,15186.960438318816
2016-12-02,15164.186693950267
2016-12-05,15102.493197622116
2016-12-06,15079.858815342117
2016-12-07,15252.646564722365
2016-12-08,15229.792810242667
2016-12-09,14646.854217851767
2016-12-12,14624.915693947267
2016-12-13,14814.018880523767
2016-12-14,14814.018880523767
2016-12-15,14791.812404831768
2016-12-16,14757.996585102968
2016-12-19,14735.86464524797
2016-12-20,14756.183726352972
2016-12-21,14734.069124475374
2016-12-22,14696.558803436175
2016-12-23,14674.521237528676
2016-12-27,15046.861123413677
2016-12-28,15024.317200876876
2016-12-29,16146.630633494478
2016-12-30,16122.421483401979
2017-01-03,15435.989035386981
2017-01-04,15412.842892090732
2017-01-05,14479.475094715734
2017-01-06,14457.770524984735
2017-01-09,14386.918867686236
2017-01-10,14365.334914736239
2017-01-11,14375.283833436239
2017-01-12,14353.746895809241
2017-01-13,14253.203244999242
2017-01-17,14231.850095089241
2017-01-18,14435.940497559242
2017-01-19,14414.287695066747
2017-01-20,14224.874126311748
2017-01-23,14203.558955737746
2017-01-24,14161.174023799746
2017-01-25,14139.949520493245
2017-01-26,14483.908020124747
2017-01-27,14462.18484159875
2017-01-30,14478.23378998975
2017-01-31,14456.53642235725
2017-02-01,14486.106418092253
2017-02-02,14464.386391515252
2017-02-03,14371.368079003754
2017-02-06,14349.814568902753
2017-02-07,14401.752815701755
2017-02-08,14380.159391909756
2017-02-09,14736.088212687255
2017-02-10,14713.981084187253
2017-02-13,14894.077186144756
2017-02-14,14871.745318582758
2017-02-15,14840.186756545761
2017-02-16,14817.938669047764
2017-02-17,15045.792482416764
2017-02-21,15023.229877792766
2017-02-22,15183.710493808767
2017-02-23,15160.953819396267
2017-02-24,15282.24781573377
2017-02-27,15259.333104517775
2017-02-28,15209.867354485777
2017-03-01,15209.867354485777
2017-03-02,15187.06845168388
2017-03-03,15343.923170739876
2017-03-06,15320.929127162726
2017-03-07,15206.010678500974
2017-03-08,15183.216150256774
2017-03-09,15007.316561925876
2017-03-10,14984.828531813675
2017-03-13,15148.165448270376
2017-03-14,15125.458367065477
2017-03-15,16245.245898167976
2017-03-16,16220.895760159976
2017-03-17,16125.324830495976
2017-03-20,16101.152795835977
2017-03-21,16319.354908856978
2017-03-22,16294.88215298998
2017-03-23,16102.59973981798
2017-03-24,16078.474049600982
2017-03-27,16397.714810750982
2017-03-28,16373.135441605984
2017-03-29,16262.300472695984
2017-03-30,16262.300472695984
2017-03-31,16237.918362775987
2017-04-03,15945.774843023988
2017-04-04,15921.870223387488
2017-04-05,15881.49100280699
2017-04-06,15857.677923146994
2017-04-07,15820.436868110992
2017-04-10,15796.708780110996
2017-04-11,15304.166490062997
2017-04-12,15281.213628567997
2017-04-13,15289.802740817999
2017-04-17,15266.873517440996
2017-04-18,15365.022431273996
2017-04-19,15341.982790714997
2017-04-20,15200.342114069996
2017-04-21,15200.342114069996
2017-04-24,15177.551993309999
2017-04-25,15810.92980167
2017-04-26,15787.24578963
2017-04-27,15458.665463985002
2017-04-28,15435.497641951004
2017-05-01,15010.161540141156
2017-05-02,14987.663273617956
2017-05-03,14820.694781890057
2017-05-04,14798.49553740766
2017-05-05,15099.106628680209
2017-05-08,15076.462238065207
2017-05-09,15032.843459669708
2017-05-10,15010.30852482781
2017-05-11,15288.837707220307
2017-05-12,15265.915156916308
2017-05-15,15290.232962868307
2017-05-16,15267.30237588631
2017-05-17,15517.013653386311
2017-05-18,15517.013653386311
2017-05-19,15493.75184453381
2017-05-22,15666.14673385381
2017-05-23,15666.14673385381
2017-05-24,15666.14673385381
2017-05-25,15642.660734130808
2017-05-26,15480.996068875811
2017-05-30,15457.777902345311
2017-05-31,15365.91843311431
2017-06-01,15342.89535303331
2017-06-02,15224.84556817981
2017-06-05,15202.011422099811
2017-06-06,14468.593437427811
2017-06-07,14446.905504649312
2017-06-08,14676.608777442314
2017-06-09,14654.619620605314
2017-06-12,14690.594666388315
2017-06-13,14690.594666388315
2017-06-14,14690.594666388315
2017-06-15,14668.569066968315
2017-06-16,14607.197256678315
2017-06-19,14585.305905342768
2017-06-20,14453.943563553315
2017-06-21,14432.280028781315
2017-06-22,14586.994077867315
2017-06-23,14565.132873227318
2017-06-26,14424.488642379318
2017-06-27,14424.488642379318
2017-06-28,14424.488642379318
2017-06-29,14424.488642379318
2017-06-30,14402.863892531319
2017-07-03,14009.528792737818
2017-07-05,13988.524954291317
2017-07-06,13787.802827036716
2017-07-07,13767.146421262518
2017-07-10,13960.52517480812
2017-07-11,13939.597863362122
2017-07-12,13970.149610979319
2017-07-13,13949.22043621242
2017-07-14,14132.20220688092
2017-07-17,14132.20220688092
2017-07-18,14132.20220688092
2017-07-19,14132.20220688092
2017-07-20,14132.20220688092
2017-07-21,14132.20220688092
2017-07-24,14132.20220688092
2017-07-25,14111.021785092922
2017-07-26,14437.333652880923
2017-07-27,14415.704633957926
2017-07-28,14176.508241767428
2017-07-31,14155.256365088426
2017-08-01,14146.284735905425
2017-08-02,14125.075437528929
2017-08-03,14141.47336118793
2017-08-04,14120.269483503927
2017-08-07,14187.576097383926
2017-08-08,14166.31029184943
2017-08-09,13930.90448998143
2017-08-10,13910.01437967343
2017-08-11,13840.565605745433
2017-08-14,13819.816301486437
2017-08-15,13978.475980322439
2017-08-16,13978.475980322439
2017-08-17,13957.51849148144
2017-08-18,13997.335102170942
2017-08-21,13976.341140991442
2017-08-22,14075.153700491443
2017-08-23,14054.050644688945
2017-08-24,13987.645662881445
2017-08-25,13966.684596233445
2017-08-28,13462.169085473446
2017-08-29,13441.996012073449
2017-08-30,13559.57789725445
2017-08-31,13539.241568790952
2017-09-01,13485.676914171954
2017-09-05,13465.466653171956
2017-09-06,13637.152442982957
2017-09-07,13616.724196668958
2017-09-08,13711.703256606957
2017-09-11,13691.14694399596
2017-09-12,13609.08479190696
2017-09-13,13588.67256924996
2017-09-14,13477.883346792963
2017-09-15,13457.678738907965
2017-09-18,13658.217406005966
2017-09-19,13637.758769325465
2017-09-20,13823.908060161964
2017-09-21,13823.908060161964
2017-09-22,13823.908060161964
2017-09-25,13823.908060161964
2017-09-26,13823.908060161964
2017-09-27,13803.183424251965
2017-09-28,13872.098005041964
2017-09-29,13851.315975006966
2017-10-02,13872.916168257967
2017-10-03,13852.125774435968
2017-10-04,13902.52834290097
2017-10-05,13881.69187172497
2017-10-06,14075.386135820472
2017-10-09,14054.294519624473
2017-10-10,13937.663457471974
2017-10-11,13916.775071996974
2017-10-12,13837.475347715477
2017-10-13,13816.72737302848
2017-10-16,13584.49484380748
2017-10-17,13584.49484380748
2017-10-18,13584.49484380748
2017-10-19,13584.49484380748
2017-10-20,13584.49484380748
2017-10-23,13584.49484380748
2017-10-24,13564.129082482481
2017-10-25,13476.278260007484
2017-10-26,13476.278260007484
2017-10-27,13456.072959151488
2017-10-30,13540.028720159487
2017-10-31,13540.028720159487
2017-11-01,13519.741819112487
2017-11-02,13556.229197582486
2017-11-03,13535.926676330488
2017-11-06,13798.976181464488
2017-11-07,13778.29998169449
2017-11-08,13851.402749417488
2017-11-09,13830.63145095849
2017-11-10,13628.056040871992
2017-11-13,13607.644088154993
2017-11-14,13605.119896322492
2017-11-15,13584.720088652493
2017-11-16,13540.609504442493
2017-11-17,13520.327828136493
2017-11-20,13346.418399506494
2017-11-21,13326.425122301496
2017-11-22,13426.879307313995
2017-11-24,13426.879307313995
2017-11-27,13426.879307313995
2017-11-28,13406.741058301996
2017-11-29,13632.966514317995
2017-11-30,13632.966514317995
2017-12-01,13632.966514317995
2017-12-04,13632.966514317995
2017-12-05,13632.966514317995
2017-12-06,13612.547750831494
2017-12-07,13520.076820230997
2017-12-08,13499.81064409
2017-12-11,13379.971528363001
2017-12-12,13359.928573204203
2017-12-13,13803.898563311206
2017-12-14,13803.898563311206
2017-12-15,13783.213402555206
2017-12-18,13968.244113816709
2017-12-19,13947.32005245371
2017-12-20,14168.557290572211
2017-12-21,14168.557290572211
2017-12-22,14168.557290572211
2017-12-26,14168.557290572211
2017-12-27,14168.557290572211
2017-12-28,14168.557290572211
2017-12-29,14147.324602994713
2018-01-02,13769.102917352213
2018-01-03,13748.467176226215
2018-01-04,13639.779770399215
2018-01-05,13619.320190533217
2018-01-08,13731.76511125872
2018-01-09,13711.178211846718
2018-01-10,13606.860153462721
2018-01-11,13586.461547765222
2018-01-12,13191.473128955222
2018-01-16,13171.690240450223
2018-01-17,13396.520671085224
2018-01-18,13376.429059522226
2018-01-19,13339.585971228727
2018-01-22,13319.60086615173
2018-01-23,13082.888741534232
2018-01-24,13063.291494128234
2018-01-25,13309.840951914735
2018-01-26,13289.906035102736
2018-01-29,13631.078874204735
2018-01-30,13631.078874204735
2018-01-31,13631.078874204735
2018-02-01,13631.078874204735
2018-02-02,13631.078874204735
2018-02-05,13610.637832794737
2018-02-06,13218.642417141737
2018-02-07,13198.835916174738
2018-02-08,13082.49760179674
2018-02-09,13062.902266944991
2018-02-12,13372.067793667491
2018-02-13,13352.028334073491
2018-02-14,13941.450988849492
2018-02-15,13920.558987169492
2018-02-16,13591.264074409493
2018-02-20,13570.886354099493
2018-02-21,13497.592601554945
2018-02-22,13477.375526575546
2018-02-23,13599.391546571544
2018-02-26,13579.000063675547
2018-02-27,13130.475939976948
2018-02-28,13110.78856520545
2018-03-01,13219.895912964452
2018-03-02,13200.079553712452
2018-03-05,13266.175401978453
2018-03-06,13246.298866674453
2018-03-07,12952.900759405655
2018-03-08,12933.482162296856
2018-03-09,12866.291467877256
2018-03-12,12866.291467877256
2018-03-13,12866.291467877256
2018-03-14,12866.291467877256
2018-03-15,12866.291467877256
2018-03-16,12847.006822204057
2018-03-19,12866.65498056646
2018-03-20,12847.363411436212
2018-03-21,13177.817986445712
2018-03-22,13177.817986445712
2018-03-23,13177.817986445712
2018-03-26,13177.817986445712
2018-03-27,13177.817986445712
2018-03-28,13158.075887789564
2018-03-29,12949.679691716565
2018-04-02,12949.679691716565
2018-04-03,12930.273426628566
2018-04-04,12934.073007308567
2018-04-05,12934.073007308567
2018-04-06,12934.073007308567
2018-04-09,12934.073007308567
2018-04-10,12934.073007308567
2018-04-11,12914.690830188565
2018-04-12,13047.423653258564
2018-04-13,13027.873329706064
2018-04-16,13065.527694824566
2018-04-17,13045.943848450066
2018-04-18,13000.225805783564
2018-04-19,12980.738033873567
2018-04-20,13152.789258916067
2018-04-23,13133.063036516069
2018-04-24,12935.77765027607
2018-04-25,12935.77765027607
2018-04-26,12916.39861610807
2018-04-27,12811.390383532069
2018-04-30,12792.18613408307
2018-05-01,12749.735267432568
2018-05-02,12749.735267432568
2018-05-03,12730.61247382257
2018-05-04,12720.08582573057
2018-05-07,12701.017062104569
2018-05-08,12673.35472544657
2018-05-09,12673.35472544657
2018-05-10,12673.35472544657
2018-05-11,12654.356804198573
2018-05-14,12690.392686928571
2018-05-15,12690.392686928571
2018-05-16,12671.380871768573
2018-05-17,12600.998891198575
2018-05-18,12582.120734576576
2018-05-21,12633.601516424576
2018-05-22,12633.601516424576
2018-05-23,12614.661521196576
2018-05-24,12758.729370044577
2018-05-25,12758.729370044577
2018-05-29,12758.729370044577
2018-05-30,12758.729370044577
2018-05-31,12758.729370044577
2018-06-01,12758.729370044577
2018-06-04,12758.729370044577
2018-06-05,12758.729370044577
2018-06-06,12758.729370044577
2018-06-07,12758.729370044577
2018-06-08,12758.729370044577
2018-06-11,12739.624847992578
2018-06-12,12678.707869100575
2018-06-13,12678.707869100575
2018-06-14,12678.707869100575
2018-06-15,12678.707869100575
2018-06-18,12678.707869100575
2018-06-19,12678.707869100575
2018-06-20,12678.707869100575
2018-06-21,12678.707869100575
2018-06-22,12678.707869100575
2018-06-25,12678.707869100575
2018-06-26,12678.707869100575
2018-06-27,12678.707869100575
2018-06-28,12659.702311025574
2018-06-29,12848.926728365575
2018-07-02,12848.926728365575
2018-07-03,12848.926728365575
2018-07-05,12848.926728365575
2018-07-06,12848.926728365575
2018-07-09,12848.926728365575
2018-07-10,12848.926728365575
2018-07-11,12848.926728365575
2018-07-12,12829.669275353577
2018-07-13,12703.77681496158
2018-07-16,12684.73299413658
2018-07-17,12665.701864961582
2018-07-18,12665.701864961582
2018-07-19,12665.701864961582
2018-07-20,12665.701864961582
2018-07-23,12665.701864961582
2018-07-24,12646.735365201683
2018-07-25,12727.032854661782
2018-07-26,12727.032854661782
2018-07-27,12727.032854661782
2018-07-30,12707.95960663098
2018-07-31,12715.786291925579
2018-08-01,12696.71788990958
2018-08-02,12563.55835158798
2018-08-03,12544.74262716978
2018-08-06,12389.691752611832
2018-08-07,12371.113269847832
2018-08-08,12412.363738965034
2018-08-09,12393.774860136833
2018-08-10,12276.763794073835
2018-08-13,12258.357618226337
2018-08-14,12117.336864168337
2018-08-15,12099.189394027338
2018-08-16,11814.565218223841
2018-08-17,11796.866506219041
2018-08-20,11842.174586568644
2018-08-21,11824.426988273844
2018-08-22,11889.974746572945
2018-08-23,11872.163446501298
2018-08-24,12175.220569742147
2018-08-27,12156.968211650148
2018-08-28,11918.21117931815
2018-08-29,11900.351494273553
2018-08-30,11700.627644443555
2018-08-31,11683.096398292108
2018-09-04,11332.264088786911
2018-09-05,11315.27713790676
2018-09-06,11288.780006819012
2018-09-07,11271.857411033412
2018-09-10,11084.921428079013
2018-09-11,11068.316394812315
2018-09-12,11391.346097395866
2018-09-13,11374.279281652965
2018-09-14,11285.027860443666
2018-09-17,11285.027860443666
2018-09-18,11268.110183597166
2018-09-19,11499.601749329167
2018-09-20,11499.601749329167
2018-09-21,11499.601749329167
2018-09-24,11499.601749329167
2018-09-25,11499.601749329167
2018-09-26,11482.37075757917
2018-09-27,11421.560711501172
2018-09-28,11404.439972889972
2018-10-01,11396.523239304372
2018-10-02,11396.523239304372
2018-10-03,11379.431960796872
2018-10-04,11374.462062261671
2018-10-05,11357.42126742067
2018-10-08,11291.551467139421
2018-10-09,11274.62205815742
2018-10-10,11103.88693635742
2018-10-11,11087.23665180292
2018-10-12,11132.216617631919
2018-10-15,11115.53234840942
2018-10-16,11126.58752998642
2018-10-17,11109.91851592717
2018-10-18,11048.47071223612
2018-10-19,11031.906275856021
2018-10-22,11106.610352607524
2018-10-23,11089.967381414426
2018-10-24,11222.531878205027
2018-10-25,11205.710539987429
2018-10-26,11147.471145932632
2018-10-29,11130.754288076634
2018-10-30,11025.830141900635
2018-10-31,11025.830141900635
2018-11-01,11025.830141900635
2018-11-02,11009.310365129038
2018-11-05,11029.309502538239
2018-11-06,11012.765576019241
2018-11-07,11058.800391786244
2018-11-08,11042.233037079246
2018-11-09,11222.688440055548
2018-11-12,11205.8730647482
2018-11-13,11074.791112830851
2018-11-14,11058.183073462453
2018-11-15,11209.153258140252
