date,daily_return
2006-05-23,0.0
2006-05-24,0.0
2006-05-25,0.0
2006-05-26,0.0
2006-05-30,0.0
2006-05-31,0.0
2006-06-01,0.0
2006-06-02,0.0
2006-06-05,0.0
2006-06-06,0.0
2006-06-07,0.0
2006-06-08,0.0
2006-06-09,0.0
2006-06-12,0.0
2006-06-13,0.0
2006-06-14,0.0
2006-06-15,0.0
2006-06-16,0.0
2006-06-19,0.0
2006-06-20,0.0
2006-06-21,-0.0006636423999998309
2006-06-22,-0.008471761420080992
2006-06-23,-0.0006619141718265942
2006-06-26,0.008654120214322214
2006-06-27,-0.000665616209841402
2006-06-28,-0.00405203801107612
2006-06-29,-0.0006548199773640517
2006-06-30,0.018830734448385122
2006-07-03,0.0
2006-07-05,-0.0006497943102811155
2006-07-06,-0.009042179188571642
2006-07-07,-0.000651136327959656
2006-07-10,0.008569966281523067
2006-07-11,-0.0006483849392363572
2006-07-12,0.006177581111763253
2006-07-13,-0.0006539628217266946
2006-07-14,-0.016335704739816048
2006-07-17,-0.0006575925416548722
2006-07-18,0.011253041267807795
2006-07-19,-0.0006537693763506436
2006-07-20,0.04005084530354974
2006-07-21,-0.0006643400117825049
2006-07-24,-0.022689513983786158
2006-07-25,0.0
2006-07-26,-0.000653919805879255
2006-07-27,0.020224297722821527
2006-07-28,-0.0006523642300946264
2006-07-31,-0.000530939997064106
2006-08-01,0.0
2006-08-02,0.0
2006-08-03,-0.0006483553060061542
2006-08-04,0.003891217231040134
2006-08-07,0.0
2006-08-08,-0.0006484417248381336
2006-08-09,-0.018933309177091906
2006-08-10,-0.0006484626073722799
2006-08-11,0.024557594287268225
2006-08-14,0.0
2006-08-15,0.0
2006-08-16,-0.0006505077772452905
2006-08-17,0.021029520453347272
2006-08-18,-0.0006539811937624762
2006-08-21,-0.05213616215450534
2006-08-22,-0.0006457814830460595
2006-08-23,0.002297239670802753
2006-08-24,-0.0006484711533600862
2006-08-25,-0.00667706468289897
2006-08-28,-0.0006510710304900025
2006-08-29,-0.0070845348567478705
2006-08-30,0.0
2006-08-31,-0.0006447751675268121
2006-09-01,0.006495985515442282
2006-09-05,-0.0006402434544461322
2006-09-06,0.008863148104696794
2006-09-07,-0.0006464296265099589
2006-09-08,0.027475746124605793
2006-09-11,0.0
2006-09-12,-0.0006630757070564819
2006-09-13,0.008748679289510619
2006-09-14,-0.0006684412410344898
2006-09-15,0.009658874792640715
2006-09-18,-0.0006627331807611547
2006-09-19,-0.04048157736490943
2006-09-20,-0.0006711663603498064
2006-09-21,0.013294465769898345
2006-09-22,-0.0006682120745097331
2006-09-25,-0.012397198656065034
2006-09-26,-0.0006649423329784243
2006-09-27,0.018672809851901118
2006-09-28,-0.0006632952767422484
2006-09-29,-0.009829030109409276
2006-10-02,-0.0006644564396780517
2006-10-03,-0.06418447913617054
2006-10-04,-0.0006741185698529994
2006-10-05,0.023917304076302326
2006-10-06,-0.0006710868476424992
2006-10-09,-0.008211782231667297
2006-10-10,-0.0006706000022314029
2006-10-11,-0.019236002956849796
2006-10-12,-0.000668967251734931
2006-10-13,0.026083639981889783
2006-10-16,0.0
2006-10-17,0.0
2006-10-18,-0.0006673660967748685
2006-10-19,-0.032774426233545095
2006-10-20,-0.0006646005007515665
2006-10-23,-0.005209211509189182
2006-10-24,-0.0006626140955980908
2006-10-25,-0.026057179764757965
2006-10-26,-0.0006586728140918208
2006-10-27,0.006895084800577322
2006-10-30,-0.0006593101266405554
2006-10-31,-0.02635624966812078
2006-11-01,-0.0006550173587600572
2006-11-02,-0.008534293497701961
2006-11-03,-0.000652450194931653
2006-11-06,0.006083528095668589
2006-11-07,-0.0006530851267799731
2006-11-08,0.006603537086330213
2006-11-09,-0.0006475755259982563
2006-11-10,0.02191610434586133
2006-11-13,-0.0006515879203001784
2006-11-14,0.011991504188172852
2006-11-15,-0.0006520227411341839
2006-11-16,0.037303263709883794
2006-11-17,-0.0006578936462495744
2006-11-20,0.00013150430603414698
2006-11-21,-0.0006527916870878725
2006-11-22,-0.007227037979838924
2006-11-24,-0.0006479824666545397
2006-11-27,-0.0033131256495264605
2006-11-28,-0.000645994311604059
2006-11-29,-0.0035964060050019953
2006-11-30,-0.0006407015686651363
2006-12-01,0.010109709802704314
2006-12-04,-0.0006400597403335428
2006-12-05,0.013143573592178326
2006-12-06,-0.0006443330113845569
2006-12-07,-0.006621904191219663
2006-12-08,-0.0006459860752086044
2006-12-11,-0.010075100138772997
2006-12-12,-0.000646271829491174
2006-12-13,-0.0016409473339137337
2006-12-14,-0.0006456315605758434
2006-12-15,0.0168836623326849
2006-12-18,-0.0006500617816603826
2006-12-19,-0.02536573418423438
2006-12-20,-0.0006490468610453881
2006-12-21,0.015182418929613695
2006-12-22,0.0
2006-12-26,-0.0006502753016438545
2006-12-27,0.02065769266223194
2006-12-28,0.0
2006-12-29,0.0
2007-01-03,-0.000652473730225811
2007-01-04,-0.02132630870788721
2007-01-05,-0.0006572520247082325
2007-01-08,-0.0005000715509146936
2007-01-09,-0.0006581667392799861
2007-01-10,-0.01172810714002892
2007-01-11,-0.0006587277449993101
2007-01-12,0.024547119813485452
2007-01-16,-0.0006562264719585098
2007-01-17,0.00413280895417345
2007-01-18,-0.0006585432126527957
2007-01-19,0.014748915221801662
2007-01-22,-0.000657252781694817
2007-01-23,0.04843919734069835
2007-01-24,0.0
2007-01-25,0.0
2007-01-26,0.0
2007-01-29,0.0
2007-01-30,-0.0006503267582905758
2007-01-31,0.012940256464260225
2007-02-01,0.0
2007-02-02,-0.0006495800872355906
2007-02-05,-0.004689952976765777
2007-02-06,-0.0006483656602511711
2007-02-07,0.00792767752593404
2007-02-08,-0.0006463746128940739
2007-02-09,0.002573782760990184
2007-02-12,-0.0006484887563148467
2007-02-13,-0.018085785972084545
2007-02-14,-0.0006445057459201209
2007-02-15,-0.010988470160314012
2007-02-16,-0.00064403722534212
2007-02-20,0.017818824750617024
2007-02-21,-0.0006414800429080936
2007-02-22,-0.0040093736694015725
2007-02-23,-0.0006405081466555052
2007-02-26,-0.011268492362446203
2007-02-27,-0.0006494549549609374
2007-02-28,-0.01667029856153579
2007-03-01,-0.0006501628090984646
2007-03-02,0.03560793755858338
2007-03-05,-0.0006585047587478465
2007-03-06,0.029424404670504556
2007-03-07,-0.0006536021951707438
2007-03-08,0.0009169266689541544
2007-03-09,-0.000654058009217473
2007-03-12,0.014322596858448389
2007-03-13,-0.0006575306445392171
2007-03-14,0.004996728143265905
2007-03-15,-0.0006532439768546228
2007-03-16,0.0037987847884448644
2007-03-19,-0.0006508197614280009
2007-03-20,0.006547570507714706
2007-03-21,-0.0006461344326391671
2007-03-22,-0.0038676673917412696
2007-03-23,-0.0006469912969431224
2007-03-26,0.0056319773423878505
2007-03-27,-0.000648141830544402
2007-03-28,0.0016676867823162134
2007-03-29,0.0
2007-03-30,0.0
2007-04-02,-0.0006466611264985822
2007-04-03,-0.009503162299066337
2007-04-04,-0.0006426340638658878
2007-04-05,0.0032372232568302906
2007-04-09,-0.0006434486947409779
2007-04-10,-0.009190929143908844
2007-04-11,-0.0006430880544144868
2007-04-12,-0.003334449929502603
2007-04-13,-0.0006382899346644155
2007-04-16,-0.006278180180169346
2007-04-17,-0.0006390212917165572
2007-04-18,0.005031542426581881
2007-04-19,-0.0006439479899471579
2007-04-20,-0.014610428550437704
2007-04-23,-0.0006434678508059344
2007-04-24,0.013014054096903482
2007-04-25,0.0
2007-04-26,-0.0006467863547104935
2007-04-27,-0.007637194635103706
2007-04-30,-0.0006488123749612829
2007-05-01,0.006669061878458393
2007-05-02,-0.0006453017178581488
2007-05-03,0.009259241616523584
2007-05-04,0.0
2007-05-07,0.0
2007-05-08,0.0
2007-05-09,0.0
2007-05-10,0.0
2007-05-11,-0.0006470256286454923
2007-05-14,-0.01944256815718648
2007-05-15,-0.0006502729037068944
2007-05-16,-0.010379749918372094
2007-05-17,-0.0006526124088365171
2007-05-18,0.01679056411342672
2007-05-21,-0.000648409424935048
2007-05-22,-0.018381466454639672
2007-05-23,-0.0006493512873226859
2007-05-24,-0.030718073470475393
2007-05-25,-0.0006533055165319768
2007-05-29,-0.006649267920335378
2007-05-30,-0.0006545627502848594
2007-05-31,0.0314943778263137
2007-06-01,-0.0006461651385994971
2007-06-04,-0.0016430152886076632
2007-06-05,0.0
2007-06-06,-0.0006489734273118497
2007-06-07,-0.032678635436431125
2007-06-08,-0.000654274550003997
2007-06-11,0.002252533226318132
2007-06-12,-0.0006571232428612683
2007-06-13,0.015964355076890202
2007-06-14,-0.0006533280703757693
2007-06-15,0.01689598915288726
2007-06-18,0.0
2007-06-19,0.0
2007-06-20,0.0
2007-06-21,0.0
2007-06-22,0.0
2007-06-25,0.0
2007-06-26,0.0
2007-06-27,-0.0006566792884380446
2007-06-28,0.0036475976057444015
2007-06-29,-0.000654829464193929
2007-07-02,0.02604050603695751
2007-07-03,-0.000651427643150071
2007-07-05,0.014103124743676476
2007-07-06,0.0
2007-07-09,-0.0006439662515025368
2007-07-10,0.008910830923207769
2007-07-11,-0.0006453890045026167
2007-07-12,-0.020945021956605525
2007-07-13,-0.0006423009667677615
2007-07-16,0.010482117061251905
2007-07-17,-0.0006443733433222354
2007-07-18,-0.043417306197298
2007-07-19,-0.0006366843484549856
2007-07-20,0.0012205669113036777
2007-07-23,-0.0006367775193796277
2007-07-24,0.015676732819665418
2007-07-25,-0.0006412241130197005
2007-07-26,0.03611902701337244
2007-07-27,-0.0006498710854032641
2007-07-30,-0.025907445567599496
2007-07-31,-0.0006470434538549119
2007-08-01,0.013878142745791688
2007-08-02,0.0
2007-08-03,0.0
2007-08-06,-0.000651158620628145
2007-08-07,0.002440762859395873
2007-08-08,-0.0006462373302055235
2007-08-09,-0.01985958909696517
2007-08-10,-0.0006477612479898198
2007-08-13,-0.014240829742581118
2007-08-14,-0.0006547982950388942
2007-08-15,-0.047363994972359436
2007-08-16,-0.0006694457813259946
2007-08-17,0.016371211247701023
2007-08-20,-0.0006640254371147458
2007-08-21,0.006042467476208957
2007-08-22,-0.0006587763561680671
2007-08-23,-0.01151402759215614
2007-08-24,-0.0006573640732228103
2007-08-27,-0.018630437515696485
2007-08-28,-0.0006640622246041339
2007-08-29,0.031787020889122664
2007-08-30,-0.0006596469004989114
2007-08-31,0.02113166270483524
2007-09-04,-0.0006517921887537748
2007-09-05,-0.007376195318319456
2007-09-06,0.0
2007-09-07,-0.0006432052673356337
2007-09-10,0.006200724453608197
2007-09-11,-0.0006400935526006402
2007-09-12,-0.0018447699867947254
2007-09-13,-0.0006399755268761131
2007-09-14,0.0005629752166287361
2007-09-17,-0.000639912784635488
2007-09-18,-0.03635432800970728
2007-09-19,-0.0006338927114256654
2007-09-20,-0.041459477855030236
2007-09-21,-0.0006296464979101968
2007-09-24,0.00688656390952036
2007-09-25,-0.0006322158047475934
2007-09-26,0.01715624970797558
2007-09-27,-0.0006320560663291008
2007-09-28,-0.012103282685261174
2007-10-01,-0.0006286248287804552
2007-10-02,0.03530722355269589
2007-10-03,-0.0006353473008723354
2007-10-04,-0.019292695005018956
2007-10-05,-0.0006299497679309596
2007-10-08,0.016611016553884417
2007-10-09,-0.0006283567055489492
2007-10-10,-0.013088814209116895
2007-10-11,-0.0006252050977275658
2007-10-12,-0.00998882066064033
2007-10-15,-0.0006222283542525187
2007-10-16,0.016242317109830262
2007-10-17,-0.0006274095687568426
2007-10-18,-0.028157040482487572
2007-10-19,-0.0006261771105172675
2007-10-22,0.024712223156418966
2007-10-23,0.0
2007-10-24,-0.0006253480685550761
2007-10-25,-0.004261059354915053
2007-10-26,-0.0006211167760988845
2007-10-29,-0.02226813866312516
2007-10-30,-0.0006209479110507177
2007-10-31,-0.04199251874270793
2007-11-01,-0.0006204401782370361
2007-11-02,-0.03812890801541435
2007-11-05,-0.0006166182668991826
2007-11-06,-0.04153970391373629
2007-11-07,-0.0006142837426378334
2007-11-08,0.003428179678021115
2007-11-09,-0.0006166045044100343
2007-11-12,0.07337011378872615
2007-11-13,-0.0006223878752357193
2007-11-14,0.012340111728864178
2007-11-15,-0.000626561760998845
2007-11-16,-0.01032886952006773
2007-11-19,0.0
2007-11-20,0.0
2007-11-21,-0.000625692932526789
2007-11-23,-0.043002932305282515
2007-11-26,-0.0006255189826098739
2007-11-27,0.003841825337021376
2007-11-28,-0.0006222413083335487
2007-11-29,-0.01896719738882313
2007-11-30,-0.00062675531530898
2007-12-03,0.010639220241615677
2007-12-04,-0.0006268355757668154
2007-12-05,-0.00820693090326452
2007-12-06,-0.0006248010058238496
2007-12-07,-0.007231577594585925
2007-12-10,-0.0006235824821889668
2007-12-11,-0.03524761371977492
2007-12-12,-0.0006255187192620859
2007-12-13,-0.03151960321133496
2007-12-14,-0.000632433413104927
2007-12-17,-0.03700881354549346
2007-12-18,-0.000634584642294711
2007-12-19,-0.011428696811203731
2007-12-20,-0.0006363228776790075
2007-12-21,0.05525035196035688
2007-12-24,-0.000629839487658046
2007-12-26,0.02980590638743741
2007-12-27,0.0
2007-12-28,-0.0006232974247901701
2007-12-31,-0.017977116300224805
2008-01-02,0.0
2008-01-03,-0.0006144780565988661
2008-01-04,0.015812988934187144
2008-01-07,-0.0006178446675594307
2008-01-08,-0.03245410528232007
2008-01-09,-0.0006131573399462686
2008-01-10,-0.019428475115238264
2008-01-11,-0.0006099112612820701
2008-01-14,-0.014722212902494758
2008-01-15,-0.0006125863449796265
2008-01-16,0.043497975498744346
2008-01-17,-0.0006204896622955536
2008-01-18,-0.007304697970474061
2008-01-22,-0.0006168661439365231
2008-01-23,0.022044697534045365
2008-01-24,-0.0006143602552928229
2008-01-25,0.0011452772257845023
2008-01-28,-0.0006129356157621446
2008-01-29,0.007792726667743333
2008-01-30,-0.0006132031073293742
2008-01-31,0.019561295083206698
2008-02-01,0.0
2008-02-04,-0.0006199035353602333
2008-02-05,-0.032473247035895936
2008-02-06,-0.0006228562020712536
2008-02-07,-0.0006232443937073118
2008-02-08,-0.0006186527852841683
2008-02-11,0.00019034795666938997
2008-02-12,-0.0006225135547652805
2008-02-13,0.015968679924298623
2008-02-14,-0.0006215054596724334
2008-02-15,-0.0010365313532589848
2008-02-19,0.0
2008-02-20,-0.0006135987053638159
2008-02-21,0.002728408542480798
2008-02-22,-0.000613822350798876
2008-02-25,-0.003964809507973399
2008-02-26,0.0
2008-02-27,0.0
2008-02-28,-0.0006067524409927305
2008-02-29,0.02098108849409064
2008-03-03,-0.000605670610392739
2008-03-04,0.03401539770230633
2008-03-05,-0.000605753269109166
2008-03-06,-0.0031678619105276473
2008-03-07,-0.0006084986108965129
2008-03-10,0.03719021662639599
2008-03-11,-0.0006080128845232791
2008-03-12,-0.003418522088564413
2008-03-13,-0.0006034173518488783
2008-03-14,-0.006894486721820692
2008-03-17,-0.0006056252374639914
2008-03-18,0.043801108674369926
2008-03-19,-0.0006179248800949333
2008-03-20,0.0275193523114472
2008-03-24,-0.0006225659433525266
2008-03-25,0.04451655252455544
2008-03-26,-0.0006151180083719954
2008-03-27,-0.01718546336377369
2008-03-28,-0.0006172715201804291
2008-03-31,-0.028711361410185487
2008-04-01,-0.0006244543884050824
2008-04-02,0.04471899471581042
2008-04-03,-0.0006186427904264491
2008-04-04,0.006994771926342125
2008-04-07,-0.000617148101587417
2008-04-08,-0.013243855503586643
2008-04-09,-0.0006168938014966541
2008-04-10,-0.0016250825321448836
2008-04-11,-0.000619214045598393
2008-04-14,0.00019363400590988178
2008-04-15,-0.0006172693361936599
2008-04-16,0.04581300192906945
2008-04-17,0.0
2008-04-18,-0.0006170838621124553
2008-04-21,0.01702785383342431
2008-04-22,-0.0006204899566407684
2008-04-23,0.03793231953035847
2008-04-24,-0.0006300170998263521
2008-04-25,0.01647469585820982
2008-04-28,-0.0006297194859977706
2008-04-29,-0.04673215875749326
2008-04-30,-0.0006321947066455502
2008-05-01,-0.021531289114127605
2008-05-02,-0.0006338004038706213
2008-05-05,0.023760966956399843
2008-05-06,-0.0006285200823740178
2008-05-07,-0.008877763716768405
2008-05-08,-0.0006249427148936615
2008-05-09,-0.002579815680990194
2008-05-12,-0.000625600169970042
2008-05-13,-0.011956875247909893
2008-05-14,-0.0006289212526576771
2008-05-15,0.033827714587946645
2008-05-16,-0.0006213615894249402
2008-05-19,0.004665315474234877
2008-05-20,0.0
2008-05-21,0.0
2008-05-22,-0.0006203327150517968
2008-05-23,0.005419896823359416
2008-05-27,-0.000624638701580249
2008-05-28,-0.012918410781125877
2008-05-29,-0.0006279602410399487
2008-05-30,-0.0181226427074892
2008-06-02,-0.0006247925475787452
2008-06-03,0.0188217033536775
2008-06-04,-0.0006296117740527407
2008-06-05,-0.025527900862639785
2008-06-06,-0.0006238096908577351
2008-06-09,0.0015293304050585377
2008-06-10,0.0
2008-06-11,-0.0006306071142204717
2008-06-12,-0.024667746288145276
2008-06-13,-0.000633923454216978
2008-06-16,0.014000149078578383
2008-06-17,-0.0006306676778634612
2008-06-18,0.00434878208542977
2008-06-19,-0.0006311477160912959
2008-06-20,-0.0038156586892892363
2008-06-23,-0.0006302499636474668
2008-06-24,-0.007396333931949384
2008-06-25,-0.0006313079555962942
2008-06-26,0.05684892775521133
2008-06-27,-0.0006195417927498115
2008-06-30,-0.00102648889792456
2008-07-01,-0.000616835438667418
2008-07-02,0.026084788139559167
2008-07-03,-0.0006228120018945127
2008-07-07,0.021920913606774173
2008-07-08,0.0
2008-07-09,-0.0006268026204377941
2008-07-10,0.02800441037106327
2008-07-11,-0.0006184807024467442
2008-07-14,-0.04204715859493069
2008-07-15,-0.0006170054177959683
2008-07-16,0.021275483914816373
2008-07-17,-0.0006216601271681332
2008-07-18,0.002101087892254938
2008-07-21,-0.0006189611992652999
2008-07-22,0.035600777105373016
2008-07-23,-0.00062999885284587
2008-07-24,0.009718723061808543
2008-07-25,0.0
2008-07-28,-0.0006294103394094419
2008-07-29,-0.02624918900950568
2008-07-30,-0.0006331416788420974
2008-07-31,0.005857384611276162
2008-08-01,-0.0006362873238356936
2008-08-04,-0.03398332925584158
2008-08-05,-0.0006495943449038588
2008-08-06,0.02084349448261169
2008-08-07,-0.0006481714742305744
2008-08-08,-0.059232442989851086
2008-08-11,-0.0006673606456791825
2008-08-12,0.02979001454949559
2008-08-13,-0.0006535184751617074
2008-08-14,-0.04436088904731217
2008-08-15,-0.0006669481901483421
2008-08-18,0.01730741717586648
2008-08-19,-0.0006597201987046386
2008-08-20,-0.0012367163857294194
2008-08-21,-0.0006502322484498446
2008-08-22,-0.028025679894598476
2008-08-25,-0.0006556666341638318
2008-08-26,0.0015282908058915634
2008-08-27,-0.0006521708701334727
2008-08-28,0.0020018850175833602
2008-08-29,-0.0006534982324870597
2008-09-02,-0.06347864593447705
2008-09-03,-0.0006706292367852917
2008-09-04,-0.0412134475334226
2008-09-05,-0.000677241644275961
2008-09-08,-0.04558055971521724
2008-09-09,-0.0007063197321482972
2008-09-10,0.037242529264640556
2008-09-11,-0.0007026138437448148
2008-09-12,0.10080388111950844
2008-09-15,-0.0006918764146859324
2008-09-16,0.01626705350598967
2008-09-17,-0.0006685590904687011
2008-09-18,-0.009149887424456993
2008-09-19,-0.000664780404890597
2008-09-22,0.09077964501842217
2008-09-23,-0.0006557347724355234
2008-09-24,-0.0011854945403113604
2008-09-25,0.0
2008-09-26,-0.0006629227826351336
2008-09-29,-0.02155290644429131
2008-09-30,-0.0006690716649127015
2008-10-01,-0.004193863856990054
2008-10-02,0.0
2008-10-03,-0.000697997044805776
2008-10-06,-0.052858819554822634
2008-10-07,-0.0007130537995287956
2008-10-08,0.16554035415566815
2008-10-09,-0.0006896128654716449
2008-10-10,0.14507975186315436
2008-10-13,-0.0007151696183610445
2008-10-14,0.021659063417500013
2008-10-15,-0.0007320715698014846
2008-10-16,-0.09447421958658297
2008-10-17,-0.000763962581611044
2008-10-20,0.09896710749573678
2008-10-21,-0.0007644757062886809
2008-10-22,-0.15386009416024327
2008-10-23,-0.0008332420909178406
2008-10-24,0.04882924667269961
2008-10-27,-0.0008518381755393545
2008-10-28,0.12839344129964148
2008-10-29,-0.0007774471209248679
2008-10-30,0.04249428356411222
2008-10-31,-0.0007753003768699029
2008-11-03,0.004473110257649848
2008-11-04,-0.0007375766643968884
2008-11-05,-0.040228265580065536
2008-11-06,-0.0007721971584865317
2008-11-07,0.0346118068096819
2008-11-10,-0.0007493281340921198
2008-11-11,-0.06470225308330246
2008-11-12,-0.000796302538097704
2008-11-13,0.1121670312127423
2008-11-14,-0.0007806640891045991
2008-11-17,-0.03775621163046816
2008-11-18,-0.0007951858307195803
2008-11-19,-0.04428172002365449
2008-11-20,0.0
2008-11-21,-0.0007518157766478462
2008-11-24,-0.0731187745407913
2008-11-25,-0.0007316560994241605
2008-11-26,-0.04699363972670967
2008-11-28,-0.0007172428914793416
2008-12-01,0.13543015665810643
2008-12-02,-0.0007347168705561513
2008-12-03,0.0232588848309081
2008-12-04,0.0
2008-12-05,0.0
2008-12-08,-0.0007290222587391648
2008-12-09,-0.006640199593201168
2008-12-10,-0.0007063952133710139
2008-12-11,0.007179401747055891
2008-12-12,-0.0007007227088488
2008-12-15,-0.04724196476254594
2008-12-16,-0.0006794104929539468
2008-12-17,0.010190896312426867
2008-12-18,-0.0006938466052681669
2008-12-19,-0.024545682147733672
2008-12-22,-0.0006938929738887767
2008-12-23,-0.029892357284340476
2008-12-24,-0.0006891522587041399
2008-12-26,-0.05505807757019909
2008-12-29,-0.0006749981722991016
2008-12-30,0.006288946420327068
2008-12-31,-0.0006718068586856196
2009-01-02,0.008536894553633934
2009-01-05,-0.0006818846374400112
2009-01-06,-0.0261800566999425
2009-01-07,-0.0006927252096321501
2009-01-08,-0.06011683290722747
2009-01-09,-0.0006857264445795375
2009-01-12,0.0684376757074121
2009-01-13,-0.0006960081690940978
2009-01-14,0.04407761615776806
2009-01-15,-0.0006964834019775878
2009-01-16,0.055163353800150805
2009-01-20,-0.0006867922228002143
2009-01-21,0.024569920862024697
2009-01-22,-0.0006829482401360387
2009-01-23,-0.08617816222270658
2009-01-26,-0.0006705712715991963
2009-01-27,0.013215000723089787
2009-01-28,-0.0006769838183707799
2009-01-29,-0.051832741179254294
2009-01-30,-0.0006690663433788213
2009-02-02,0.03680077460808229
2009-02-03,0.0
2009-02-04,-0.0006699877143988564
2009-02-05,-0.020091910404165803
2009-02-06,-0.0006633200732103495
2009-02-09,0.030994684506383097
2009-02-10,-0.000671414834099715
2009-02-11,-0.0772392384530709
2009-02-12,-0.0006586328498380256
2009-02-13,0.021017721100458298
2009-02-17,-0.0006568370460976469
2009-02-18,-0.01342219180430626
2009-02-19,-0.0006623752530219296
2009-02-20,-0.03719395244153423
2009-02-23,-0.0006586459036647119
2009-02-24,0.08165015142102261
2009-02-25,0.0
2009-02-26,0.0
2009-02-27,-0.0006734635411898005
2009-03-02,0.07110216237599731
2009-03-03,-0.000681953184548667
2009-03-04,-0.009067793719835682
2009-03-05,-0.0006745249217845473
2009-03-06,-0.006132575355568326
2009-03-09,-0.0006821252504531916
2009-03-10,-0.06101957310318229
2009-03-11,-0.0006840092979943924
2009-03-12,0.04144507311437118
2009-03-13,-0.000674575084907092
2009-03-16,-0.01309290630341109
2009-03-17,-0.000680874453351521
2009-03-18,0.09967163807895174
2009-03-19,-0.0006543455377799878
2009-03-20,0.004695347064042732
2009-03-23,0.0
2009-03-24,-0.0006566120047544199
2009-03-25,-0.035906969199714145
2009-03-26,-0.000651300864154658
2009-03-27,0.031019894545989857
2009-03-30,-0.0006589144113117174
2009-03-31,-0.014710957972778771
2009-04-01,-0.0006497747516791552
2009-04-02,0.039289294216350745
2009-04-03,-0.0006658595827701008
2009-04-06,0.04785013227762147
2009-04-07,-0.0006726671601180456
2009-04-08,-0.0009494664807916386
2009-04-09,-0.0006750743571592999
2009-04-13,-0.02263590420811512
2009-04-14,-0.0006719565598712895
2009-04-15,-0.006930497629041965
2009-04-16,-0.0006792159465419667
2009-04-17,0.04028803494466371
2009-04-20,-0.0006790439241279866
2009-04-21,-0.02489250188735781
2009-04-22,-0.0006824863582712837
2009-04-23,0.035413326396853684
2009-04-24,-0.0006661318275397177
2009-04-27,-0.010157447901335215
2009-04-28,-0.0006739833719631161
2009-04-29,0.023456006853049383
2009-04-30,-0.0006751563922876569
2009-05-01,0.005396086656156207
2009-05-04,-0.0006646039711944995
2009-05-05,-0.0035021771299166282
2009-05-06,-0.0006571530376754398
2009-05-07,0.007512526627066363
2009-05-08,-0.000654187735684375
2009-05-11,0.007885173613069174
2009-05-12,-0.0006481816644283711
2009-05-13,0.02780073334283406
2009-05-14,-0.0006522444590941756
2009-05-15,0.01201298046553645
2009-05-18,-0.0006545108268425359
2009-05-19,-0.0263238222820511
2009-05-20,-0.0006426089932543011
2009-05-21,-0.020629901528905203
2009-05-22,-0.0006374285493725429
2009-05-26,0.004362769177863379
2009-05-27,-0.0006405180759243567
2009-05-28,-0.04610025735237311
2009-05-29,-0.00063102290011674
2009-06-01,0.015012315104703466
2009-06-02,-0.0006293704068887074
2009-06-03,0.05625395203566197
2009-06-04,-0.0006334626568349488
2009-06-05,0.046942735164173355
2009-06-08,-0.0006402584683603552
2009-06-09,0.0034807258682485465
2009-06-10,-0.000641574725562144
2009-06-11,-0.0008683704659927516
2009-06-12,-0.0006462875401411772
2009-06-15,0.03862658053302126
2009-06-16,0.0
2009-06-17,-0.0006512883130539437
2009-06-18,0.027364980858067378
2009-06-19,-0.0006505206384473938
2009-06-22,-0.06669900303223675
2009-06-23,-0.0006547552418159075
2009-06-24,0.027791217208391616
2009-06-25,-0.0006440330925795434
2009-06-26,-0.021375667474917703
2009-06-29,-0.0006471935857308431
2009-06-30,-0.03537148169256288
2009-07-01,-0.000646177092628597
2009-07-02,-0.03156377390993903
2009-07-06,-0.0006568731506348957
2009-07-07,-0.005560581981173596
2009-07-08,-0.0006642535140934935
2009-07-09,0.008187770003809547
2009-07-10,-0.0006640262917678719
2009-07-13,0.02067228798950005
2009-07-14,-0.0006569572150108005
2009-07-15,0.04208054756269952
2009-07-16,0.0
2009-07-17,0.0
2009-07-20,-0.0006438177470221573
2009-07-21,0.012040906387656536
2009-07-22,-0.0006458929508637024
2009-07-23,-0.008203474413663758
2009-07-24,-0.0006448620401896532
2009-07-27,0.0025997477168071548
2009-07-28,0.0
2009-07-29,-0.0006549637590000934
2009-07-30,0.024588390748156552
2009-07-31,-0.0006450591575680731
2009-08-03,0.02450639661199716
2009-08-04,-0.000640671933606507
2009-08-05,0.0045064575398114926
2009-08-06,-0.0006414628138982081
2009-08-07,0.021402776408224744
2009-08-10,-0.0006479719859181499
2009-08-11,0.01650715532584135
2009-08-12,-0.0006494735790466555
2009-08-13,-0.030114371440523757
2009-08-14,-0.0006476204252180429
2009-08-17,0.04765889656573319
2009-08-18,-0.0006520563240668409
2009-08-19,0.007790746191393083
2009-08-20,-0.0006492232701915679
2009-08-21,0.017443933412988555
2009-08-24,0.0
2009-08-25,-0.0006468032879456409
2009-08-26,-0.011095544090643727
2009-08-27,-0.0006461757138754853
2009-08-28,-0.015583762967823045
2009-08-31,0.0
2009-09-01,-0.0006489544147516568
2009-09-02,0.09781478538392085
2009-09-03,-0.0006294811671392342
2009-09-04,-0.008369289407343827
2009-09-08,-0.0006281154787123322
2009-09-09,0.025272024688753225
2009-09-10,-0.0006271003677857934
2009-09-11,-0.013716614871127741
2009-09-14,-0.0006275476797964474
2009-09-15,-0.03305930687749403
2009-09-16,-0.0006207098528737687
2009-09-17,0.024204260541010658
2009-09-18,-0.0006260954892487458
2009-09-21,0.016609310633038055
2009-09-22,-0.0006250635535983706
2009-09-23,0.03096682319136801
2009-09-24,-0.0006324239926459585
2009-09-25,0.01265576974914473
2009-09-28,-0.0006344552038399787
2009-09-29,-0.032961973634281994
2009-09-30,-0.000628004244830227
2009-10-01,0.048098336456293245
2009-10-02,0.0
2009-10-05,-0.0006293159516113089
2009-10-06,0.06576454989666125
2009-10-07,-0.0006206564544043447
2009-10-08,-0.013983200388016703
2009-10-09,-0.0006198370331705894
2009-10-12,0.0010321028091309081
2009-10-13,-0.0006176738200315279
2009-10-14,0.0006054503566923497
2009-10-15,-0.0006202139485588232
2009-10-16,-0.003553214038165109
2009-10-19,-0.0006192579101202966
2009-10-20,0.021337568203066537
2009-10-21,-0.0006222207260425661
2009-10-22,0.006779866125673051
2009-10-23,-0.000624201018759929
2009-10-26,0.042338666476655185
2009-10-27,-0.0006309915748429207
2009-10-28,0.055584811503013976
2009-10-29,-0.0006315129513787543
2009-10-30,-0.03235874481400092
2009-11-02,0.0
2009-11-03,-0.0006246823802568136
2009-11-04,0.008902943972741273
2009-11-05,-0.0006235091818801441
2009-11-06,0.02014910485127186
2009-11-09,0.0
2009-11-10,-0.0006165538655891201
2009-11-11,-0.005066243852191343
2009-11-12,0.0
2009-11-13,0.0
2009-11-16,-0.0006128457919289954
2009-11-17,-0.00510074740029931
2009-11-18,-0.0006135814030991948
2009-11-19,-0.0037470949340608906
2009-11-20,-0.0006139714380375416
2009-11-23,-0.018158041328022678
2009-11-24,-0.0006126554646570526
2009-11-25,-0.02865775016133698
2009-11-27,-0.0006140970157966219
2009-11-30,-0.006769585307474513
2009-12-01,-0.0006078237135361819
2009-12-02,-0.021521352990923504
2009-12-03,-0.0006084024114378916
2009-12-04,0.05093452405466348
2009-12-07,-0.0006163750293894932
2009-12-08,0.039661423537129536
2009-12-09,-0.0006178775290150984
2009-12-10,-0.003077434253050848
2009-12-11,-0.0006205933656633356
2009-12-14,0.013593351616552285
2009-12-15,-0.0006212803017573432
2009-12-16,0.013683065085891455
2009-12-17,-0.0006275214925942629
2009-12-18,0.023861608307953475
2009-12-21,-0.0006268744473876264
2009-12-22,0.001993415961726752
2009-12-23,-0.0006225677478770564
2009-12-24,0.003212255757356841
2009-12-28,-0.0006226901199185564
2009-12-29,-0.010854137705850642
2009-12-30,-0.0006252893279579119
2009-12-31,0.006558123419042605
2010-01-04,-0.0006203711037754411
2010-01-05,0.009443267018460766
2010-01-06,-0.0006164786626614571
2010-01-07,-0.0048662745592328305
2010-01-08,-0.0006158990277904675
2010-01-11,-0.006847235091740789
2010-01-12,-0.0006195329919527204
2010-01-13,-0.011176565999486687
2010-01-14,0.0
2010-01-15,-0.0006218089303431373
2010-01-19,-0.007586286477846205
2010-01-20,-0.0006264223504333088
2010-01-21,0.04189935898276698
2010-01-22,-0.000631234865601682
2010-01-25,-0.015018319416303827
2010-01-26,-0.0006334597672749132
2010-01-27,-0.011122031823929901
2010-01-28,-0.00063623126936041
2010-01-29,-0.03546184391912033
2010-02-01,-0.0006338394184033369
2010-02-02,0.000760738107405956
2010-02-03,-0.0006350581707496028
2010-02-04,-0.05532157357096823
2010-02-05,-0.0006355493650893607
2010-02-08,-0.03856325963110574
2010-02-09,-0.000635047501127084
2010-02-10,-0.005048167069492182
2010-02-11,-0.000630363502511222
2010-02-12,-0.0077139804902576214
2010-02-16,-0.0006279140062618316
2010-02-17,-0.007063754191347638
2010-02-18,-0.0006275271748271694
2010-02-19,-0.001676426696047395
2010-02-22,-0.0006310261827450203
2010-02-23,0.03579371581933777
2010-02-24,0.0
2010-02-25,0.0
2010-02-26,0.0
2010-03-01,-0.0006292863685969374
2010-03-02,-0.023971538310964102
2010-03-03,-0.0006245168234103593
2010-03-04,0.016425629826632315
2010-03-05,-0.0006243649776275229
2010-03-08,0.00994221622363356
2010-03-09,-0.0006267283102003862
2010-03-10,0.014314518351110195
2010-03-11,-0.0006274295417437736
2010-03-12,0.005332966705638986
2010-03-15,-0.0006286864662713443
2010-03-16,-0.028714280588746366
2010-03-17,-0.0006248899426035681
2010-03-18,0.005216835881855397
2010-03-19,-0.0006276301818197716
2010-03-22,0.00018866239171977384
2010-03-23,-0.0006275333160069563
2010-03-24,0.03873754505622129
2010-03-25,-0.0006350254729869942
2010-03-26,-0.022688504234509854
2010-03-29,0.0
2010-03-30,0.0
2010-03-31,-0.0006296090094785045
2010-04-01,0.04605514500076935
2010-04-05,0.0
2010-04-06,0.0
2010-04-07,0.0
2010-04-08,-0.0006197666440505012
2010-04-09,-0.010796746936521662
2010-04-12,-0.0006198380862891817
2010-04-13,0.008724065969405226
2010-04-14,-0.0006200716312660948
2010-04-15,0.008670156569801746
2010-04-16,-0.000624068344214801
2010-04-19,-0.0016908728606723766
2010-04-20,-0.0006242595941496898
2010-04-21,-0.00988923132605457
2010-04-22,-0.0006219337259668611
2010-04-23,-0.016493474123306262
2010-04-26,-0.0006200449119975193
2010-04-27,-0.0047702890994729685
2010-04-28,-0.0006161185245862066
2010-04-29,-0.011710685092685136
2010-04-30,-0.0006143343443915095
2010-05-03,0.010081475262432749
2010-05-04,-0.0006163072718192719
2010-05-05,0.007453936244957271
2010-05-06,-0.0006155604051463204
2010-05-07,0.015604140724778004
2010-05-10,0.0
2010-05-11,-0.0006087223197637215
2010-05-12,-0.006956419039588435
2010-05-13,-0.0006096699551756402
2010-05-14,-0.008040332910882353
2010-05-17,-0.0006113585918041675
2010-05-18,0.00653138628243366
2010-05-19,-0.000616855879136069
2010-05-20,0.04746403117401732
2010-05-21,0.0
2010-05-24,0.0
2010-05-25,0.0
2010-05-26,0.0
2010-05-27,0.0
2010-05-28,0.0
2010-06-01,0.0
2010-06-02,0.0
2010-06-03,-0.0006160180332637211
2010-06-04,0.0180692023552107
2010-06-07,-0.0006144483805983203
2010-06-08,0.009946084806411681
2010-06-09,0.0
2010-06-10,-0.0006135089504579749
2010-06-11,0.003118842952671619
2010-06-14,-0.0006150955826216276
2010-06-15,0.024422246854836738
2010-06-16,0.0
2010-06-17,0.0
2010-06-18,-0.0006068972438368903
2010-06-21,0.02914591866843841
2010-06-22,-0.0006105554104716138
2010-06-23,-0.0033068985318195354
2010-06-24,-0.000610810275137541
2010-06-25,-0.035783772133134994
2010-06-28,-0.0006082405336004237
2010-06-29,0.025715951198275633
2010-06-30,-0.0006110666673901921
2010-07-01,0.04541688832229096
2010-07-02,0.0
2010-07-06,0.0
2010-07-07,-0.0006146099572128527
2010-07-08,-0.015168126741165078
2010-07-09,0.0
2010-07-12,0.0
2010-07-13,0.0
2010-07-14,0.0
2010-07-15,0.0
2010-07-16,-0.0006182791013846778
2010-07-19,-0.02138767329683211
2010-07-20,-0.0006183029617605751
2010-07-21,-0.0088501004679985
2010-07-22,-0.0006169280034565849
2010-07-23,0.0006021054587099783
2010-07-26,-0.0006177946526307876
2010-07-27,-0.03441795293861993
2010-07-28,-0.00062124310712941
2010-07-29,0.0040226971345314055
2010-07-30,-0.0006188493787051552
2010-08-02,-0.007958146008196443
2010-08-03,-0.0006188374424482834
2010-08-04,0.024377417002365176
2010-08-05,0.0
2010-08-06,0.0
2010-08-09,0.0
2010-08-10,0.0
2010-08-11,0.0
2010-08-12,-0.0006141684148903703
2010-08-13,-0.011537701389405686
2010-08-16,-0.0006139515989976863
2010-08-17,-0.01147611519755909
2010-08-18,-0.0006108229294815581
2010-08-19,0.0063005569725562705
2010-08-20,-0.0006123956278235587
2010-08-23,0.009338797597371551
2010-08-24,-0.0006148140984651995
2010-08-25,-0.03306185720054977
2010-08-26,-0.0006094515997535632
2010-08-27,-0.013323790091137488
2010-08-30,-0.0006088921643087053
2010-08-31,-0.01172752167787594
2010-09-01,-0.0006092790758213118
2010-09-02,-0.015205229142010612
2010-09-03,-0.0006076476361126515
2010-09-07,-0.006478970594822053
2010-09-08,-0.0006076547447534386
2010-09-09,0.017503832578386724
2010-09-10,-0.0006088639726223866
2010-09-13,0.00036980525562779754
2010-09-14,-0.0006054632867369403
2010-09-15,0.003038910548470497
2010-09-16,-0.0006042799753891437
2010-09-17,0.011149802745308524
2010-09-20,-0.0006043759211157296
2010-09-21,-0.006945301584032726
2010-09-22,-0.0006024935669721732
2010-09-23,0.009353156236502347
2010-09-24,-0.0006037288902411841
2010-09-27,0.006839534485246768
2010-09-28,-0.0006020931016865738
2010-09-29,0.0006211886241125342
2010-09-30,-0.0006031687676767428
2010-10-01,-0.012775329177103445
2010-10-04,-0.0006039568417599561
2010-10-05,-0.030692762012413444
2010-10-06,-0.000599356786459504
2010-10-07,0.026447178114365366
2010-10-08,-0.0006008643536885572
2010-10-11,-0.0030603838094702684
2010-10-12,-0.0006010115415922002
2010-10-13,-0.025435970937339847
2010-10-14,-0.0005992766376763381
2010-10-15,0.011965399950747857
2010-10-18,-0.0006007148773063964
2010-10-19,0.048633837637855004
2010-10-20,-0.0006035681661576975
2010-10-21,-0.020992368529244687
2010-10-22,-0.0006046834036046445
2010-10-25,0.014702071148388063
2010-10-26,0.0
2010-10-27,0.0
2010-10-28,-0.0006018475522180378
2010-10-29,0.015872484362859707
2010-11-01,0.0
2010-11-02,-0.0006001331984245573
2010-11-03,0.0068222717223347384
2010-11-04,0.0
2010-11-05,-0.00059614836579025
2010-11-08,-0.028936972030234265
2010-11-09,-0.0005966524490619296
2010-11-10,-0.027408416008819825
2010-11-11,-0.0005935014911778724
2010-11-12,0.02665254381717297
2010-11-15,-0.0005976058869946455
2010-11-16,0.026289568972226895
2010-11-17,-0.0005995161968068707
2010-11-18,-0.01682487304324909
2010-11-19,-0.0005975022541766517
2010-11-22,-0.013256678389594212
2010-11-23,-0.0005969768253784036
2010-11-24,-0.0005973334195870095
2010-11-26,-0.0005985033581795696
2010-11-29,-0.003906262368941538
2010-11-30,-0.000597085227430183
2010-12-01,-0.013881645388160835
2010-12-02,-0.0005944679545913933
2010-12-03,-0.025647299300525228
2010-12-06,-0.0005905863097128705
2010-12-07,0.021849412467634943
2010-12-08,0.0
2010-12-09,-0.0005940633164190912
2010-12-10,-0.0037143982709301193
2010-12-13,0.0
2010-12-14,-0.0005929612738324597
2010-12-15,0.018660199441517866
2010-12-16,-0.0005961470782569478
2010-12-17,-0.002594452079620946
2010-12-20,-0.0005953126678990284
2010-12-21,0.000585348075762715
2010-12-22,0.0
2010-12-23,0.0
2010-12-27,0.0
2010-12-28,-0.0005939134917305466
2010-12-29,-0.0038600679623751466
2010-12-30,-0.0005942694827201223
2010-12-31,-0.01012902253033332
2011-01-03,0.0
2011-01-04,-0.0005967587181883172
2011-01-05,-0.012977227332058305
2011-01-06,-0.0006005930437932294
2011-01-07,-0.0006009539725687629
2011-01-10,-0.0006001667567006042
2011-01-11,0.018900087509520214
2011-01-12,-0.0005984938838738962
2011-01-13,-0.03267758822728806
2011-01-14,-0.0006039621724720501
2011-01-18,0.0161405487156856
2011-01-19,-0.0006031961658389262
2011-01-20,-0.013624941663831214
2011-01-21,-0.0006057793097494768
2011-01-24,-0.010618684938567213
2011-01-25,-0.0006074645937272916
2011-01-26,0.03836513257281471
2011-01-27,-0.0006061332959368393
2011-01-28,0.009979779234104758
2011-01-31,-0.0006058593423872161
2011-02-01,0.027666595776151937
2011-02-02,-0.0006036575024301882
2011-02-03,0.027374393005941577
2011-02-04,-0.0006015779117213294
2011-02-07,-0.0009688925533157811
2011-02-08,0.0
2011-02-09,0.0
2011-02-10,-0.0006019767010982946
2011-02-11,-0.005614379826421989
2011-02-14,0.0
2011-02-15,-0.0005998403843300304
2011-02-16,-0.006444924415305642
2011-02-17,-0.0005981879398916368
2011-02-18,-0.01053104453146625
2011-02-22,-0.0005981355918837084
2011-02-23,-0.01959596403428332
2011-02-24,-0.0005994437070889758
2011-02-25,-0.02089784814889739
2011-02-28,-0.0005958532888069579
2011-03-01,-0.015490687343501564
2011-03-02,-0.0005944364301634364
2011-03-03,0.013398169818070516
2011-03-04,-0.0005950785617707677
2011-03-07,0.006372620683252173
2011-03-08,-0.000596463243505263
2011-03-09,0.008160211682080032
2011-03-10,-0.0006009685833257006
2011-03-11,-0.018070010270020642
2011-03-14,-0.0005994277482161969
2011-03-15,0.021604331775070262
2011-03-16,0.0
2011-03-17,-0.0006024016263084242
2011-03-18,0.01538129223794682
2011-03-21,-0.0005982872425169816
2011-03-22,0.0030304437948047713
2011-03-23,0.0
2011-03-24,0.0
2011-03-25,-0.0005964694963411787
2011-03-28,0.01641816100371085
2011-03-29,-0.0005974252437849215
2011-03-30,0.018188424504824496
2011-03-31,0.0
2011-04-01,0.0
2011-04-04,0.0
2011-04-05,0.0
2011-04-06,-0.0005914811028354672
2011-04-07,0.0024416722584770234
2011-04-08,-0.0005898154122734311
2011-04-11,0.02746067958661924
2011-04-12,-0.0005939078224225236
2011-04-13,0.0023712088559775246
2011-04-14,-0.0005930847728585764
2011-04-15,0.002644195918426906
2011-04-18,-0.00059432212186461
2011-04-19,-0.013427682773697547
2011-04-20,-0.0005923437939572285
2011-04-21,-0.008824710571583627
2011-04-25,-0.0005939864288461161
2011-04-26,0.013670032658006148
2011-04-27,-0.0005931196512029002
2011-04-28,0.004487914834466089
2011-04-29,-0.000592212132896508
2011-05-02,0.03176231402706309
2011-05-03,0.0
2011-05-04,-0.0005977429950960733
2011-05-05,-0.0389483676892054
2011-05-06,-0.0006014643252648666
2011-05-09,0.017534924458937118
2011-05-10,-0.0006004126733455406
2011-05-11,-0.03420648174408347
2011-05-12,-0.0006044154188949991
2011-05-13,-0.008647460347430469
2011-05-16,-0.0006047363015164731
2011-05-17,0.009314469939792902
2011-05-18,-0.000603050338374711
2011-05-19,0.0035497836621696255
2011-05-20,-0.000602275479576253
2011-05-23,-0.0077670865035267544
2011-05-24,-0.0006007970632450066
2011-05-25,0.007710242605141637
2011-05-26,-0.0005998278763805764
2011-05-27,0.013220957626832064
2011-05-31,-0.0005980461088661571
2011-06-01,-0.01896377372976954
2011-06-02,-0.0006006975264499781
2011-06-03,-0.002884810236049362
2011-06-06,0.0
2011-06-07,-0.0006042842809713678
2011-06-08,-0.0232723841403657
2011-06-09,-0.0006049733196310525
2011-06-10,-0.018271417906809195
2011-06-13,-0.0006086180579784051
2011-06-14,0.016323725037929337
2011-06-15,0.0
2011-06-16,-0.0006101961993975058
2011-06-17,0.002659903426202037
2011-06-20,-0.0006092220766532597
2011-06-21,0.0332635124243188
2011-06-22,-0.0006043248453849737
2011-06-23,-0.012849856819681982
2011-06-24,-0.0006085145985132989
2011-06-27,-0.0011967174800662228
2011-06-28,-0.0006070860056059946
2011-06-29,0.01983743865563503
2011-06-30,-0.0006044919754544242
2011-07-01,-0.016271364168144675
2011-07-05,-0.0006029413416261953
2011-07-06,0.01184465294113557
2011-07-07,-0.0006019447074600004
2011-07-08,-0.00062268734384896
2011-07-11,-0.0006031059936892902
2011-07-12,-0.03155660910227487
2011-07-13,-0.000596694740754522
2011-07-14,0.006653274976015533
2011-07-15,-0.0005962051941091895
2011-07-18,-0.016547396967607875
2011-07-19,-0.0005960275648018154
2011-07-20,-0.011157112530605806
2011-07-21,-0.0005956289029380724
2011-07-22,-0.012953662751433614
2011-07-25,-0.0005951307000158224
2011-07-26,-0.0012612811351767617
2011-07-27,-0.0005980574720705345
2011-07-28,0.005556017191179929
2011-07-29,-0.0006009427248006016
2011-08-01,-0.009755939424217375
2011-08-02,-0.000598091932308864
2011-08-03,-0.013545436387656151
2011-08-04,-0.0006027087166491363
2011-08-05,0.007810607906527434
2011-08-08,0.0
2011-08-09,0.0
2011-08-10,0.0
2011-08-11,0.0
2011-08-12,0.0
2011-08-15,0.0
2011-08-16,0.0
2011-08-17,0.0
2011-08-18,0.0
2011-08-19,0.0
2011-08-22,0.0
2011-08-23,-0.0005934117525154825
2011-08-24,0.024501228587960222
2011-08-25,-0.0005939139005270988
2011-08-26,-0.023874425100766317
2011-08-29,-0.0005926556889516155
2011-08-30,-0.017402258801074932
2011-08-31,-0.000591394426461278
2011-09-01,-0.01063421655890362
2011-09-02,-0.0005883293644453058
2011-09-06,-0.005972152726619662
2011-09-07,-0.0005875817269684891
2011-09-08,-0.018944658789305402
2011-09-09,-0.000587189879194594
2011-09-12,0.02787756209784531
2011-09-13,-0.0005891292936298642
2011-09-14,0.019009044861667324
2011-09-15,-0.0005914215795068678
2011-09-16,-0.018374425919131854
2011-09-19,-0.0005904124861383364
2011-09-20,-0.033876754790789
2011-09-21,-0.0005893280832925951
2011-09-22,0.07620012685714128
2011-09-23,0.0
2011-09-26,-0.0005995318335646482
2011-09-27,-0.004792001748344599
2011-09-28,-0.0006046503811036885
2011-09-29,0.006721793148383615
2011-09-30,-0.0006033955274555858
2011-10-03,-0.014028230192699831
2011-10-04,-0.0006086680617711782
2011-10-05,0.04431696251876405
2011-10-06,-0.0006014021435488681
2011-10-07,-0.025113089012321232
2011-10-10,-0.0006003121522597521
2011-10-11,0.0006277416003075409
2011-10-12,-0.0005994595920761903
2011-10-13,-0.01974773498247595
2011-10-14,-0.0005983915045963961
2011-10-17,-0.024754244845974216
2011-10-18,-0.0006002357904171252
2011-10-19,-0.06012560989647342
2011-10-20,-0.0006073383083872175
2011-10-21,0.015012040968445106
2011-10-24,-0.0006017646298486223
2011-10-25,0.023642334721206693
2011-10-26,0.0
2011-10-27,-0.0005969885165594269
2011-10-28,-0.024648177846450015
2011-10-31,-0.0005977178318633536
2011-11-01,0.0014511184951611078
2011-11-02,-0.000595747660152468
2011-11-03,-0.03167240020220985
2011-11-04,-0.0005936130406402063
2011-11-07,-0.032841063706274154
2011-11-08,-0.00059178697755502
2011-11-09,0.028489526418573385
2011-11-10,-0.0005953561853909717
2011-11-11,-0.03687392144348589
2011-11-14,-0.0005936443551154413
2011-11-15,-0.003216157605804737
2011-11-16,-0.0005950410097187442
2011-11-17,0.04021369261265417
2011-11-18,-0.0006004805940449387
2011-11-21,0.017552594991653292
2011-11-22,0.0
2011-11-23,0.0
2011-11-25,-0.0006040679249322833
2011-11-28,0.024746049968045858
2011-11-29,-0.000600876039998699
2011-11-30,0.06998639173722787
2011-12-01,-0.0005951847926970455
2011-12-02,0.03288998776895902
2011-12-05,-0.0005986178093604355
2011-12-06,0.019443645657138076
2011-12-07,-0.0005966768906736641
2011-12-08,-0.029598162522703753
2011-12-09,-0.0005985929828814518
2011-12-12,-0.03636417240185286
2011-12-13,-0.0006055389444850068
2011-12-14,-0.031305791947692674
2011-12-15,-0.0006103363002719631
2011-12-16,0.018342282717006553
2011-12-19,-0.0006114594044751565
2011-12-20,0.036108223447111065
2011-12-21,-0.0006077631895876623
2011-12-22,-0.012106368438136728
2011-12-23,-0.000607705579112161
2011-12-27,-0.017661414463616132
2011-12-28,-0.0006137446133934743
2011-12-29,0.02214212719499553
2011-12-30,-0.0006105381586340997
2012-01-03,0.04523025679741899
2012-01-04,-0.0006058786232271407
2012-01-05,0.0018152737237144834
2012-01-06,-0.000606621030455945
2012-01-09,0.005104252530196085
2012-01-10,-0.0006044553756365811
2012-01-11,-0.003914439330704678
2012-01-12,-0.0006039830321246109
2012-01-13,-0.013198628414571978
2012-01-17,-0.0006076437629430886
2012-01-18,-0.002845976761459368
2012-01-19,0.0
2012-01-20,-0.0006096488851590198
2012-01-23,-0.01614144420618968
2012-01-24,0.0
2012-01-25,0.0
2012-01-26,-0.0006025949790080531
2012-01-27,-0.025048766787146515
2012-01-30,-0.00060142732390156
2012-01-31,-0.0007841303075939443
2012-02-01,-0.0006011514429026255
2012-02-02,-0.016182910662158045
2012-02-03,-0.0006014676782115647
2012-02-06,0.003127411501285149
2012-02-07,-0.000602336768833811
2012-02-08,0.005841150028169206
2012-02-09,0.0
2012-02-10,0.0
2012-02-13,0.0
2012-02-14,0.0
2012-02-15,0.0
2012-02-16,0.0
2012-02-17,-0.0006055123602850543
2012-02-21,-0.03109645398715033
2012-02-22,-0.0006006256415215239
2012-02-23,-0.008006396710834918
2012-02-24,-0.0006012390354080965
2012-02-27,0.007028422163714021
2012-02-28,0.0
2012-02-29,0.0
2012-03-01,0.0
2012-03-02,0.0
2012-03-05,-0.0006059887592673174
2012-03-06,-0.02240950282222187
2012-03-07,-0.0006079898424347085
2012-03-08,0.010588759253709945
2012-03-09,-0.0006068154802316705
2012-03-12,-0.01618827639817244
2012-03-13,-0.0006091534427703493
2012-03-14,-0.03992181054110322
2012-03-15,-0.0006134827499800766
2012-03-16,-0.004415200597738922
2012-03-19,-0.0006146668969251312
2012-03-20,0.004814014149481238
2012-03-21,-0.0006144080188712486
2012-03-22,-0.019499571826972595
2012-03-23,-0.0006142637950782293
2012-03-26,0.017456704507442744
2012-03-27,-0.0006140226484028233
2012-03-28,-0.0200262960099441
2012-03-29,-0.000615896096157309
2012-03-30,0.008543784087280404
2012-04-02,-0.000612812907068716
2012-04-03,-0.03333072416853866
2012-04-04,-0.0006219759240568834
2012-04-05,-0.010475051935746826
2012-04-09,-0.0006223539368211961
2012-04-10,0.01120922424441173
2012-04-11,-0.0006224204261161548
2012-04-12,0.03549064051246331
2012-04-13,-0.0006198531236129012
2012-04-16,-0.018303276483561337
2012-04-17,-0.0006208340041622407
2012-04-18,-0.0105757222219246
2012-04-19,-0.0006221195119552325
2012-04-20,-0.011127726822385053
2012-04-23,-0.0006261894166942339
2012-04-24,0.0002594621221558846
2012-04-25,-0.0006228813286898172
2012-04-26,-0.000845151390780785
2012-04-27,-0.0006215783054407398
2012-04-30,-0.00981088977989375
2012-05-01,-0.0006225146742693255
2012-05-02,-0.01847999199607331
2012-05-03,-0.000629610181353657
2012-05-04,0.0020981814350948813
2012-05-07,-0.0006304000594324899
2012-05-08,-0.03453219331125268
2012-05-09,-0.0006324332020490875
2012-05-10,0.001464274696311385
2012-05-11,-0.0006343688617749255
2012-05-14,-0.03320403777732672
2012-05-15,-0.0006446246494125063
2012-05-16,0.0031811787591917717
2012-05-17,-0.0006377609350889379
2012-05-18,0.006734211143411439
2012-05-21,-0.0006322551471392712
2012-05-22,-0.011797035218545582
2012-05-23,-0.000628261626436033
2012-05-24,0.005002664198094475
2012-05-25,-0.0006267282480419967
2012-05-29,-0.018007038256300234
2012-05-30,-0.0006286311614186468
2012-05-31,-0.011255872717254367
2012-06-01,-0.0006220174134335954
2012-06-04,0.015022661285161387
2012-06-05,-0.0006203154115451692
2012-06-06,-0.0012459315433482887
2012-06-07,-0.0006242618106502285
2012-06-08,-0.007331474322783027
2012-06-11,-0.0006252009049351193
2012-06-12,-0.025189044841452235
2012-06-13,-0.0006223189452573274
2012-06-14,-0.004240426425598631
2012-06-15,-0.0006217540042769976
2012-06-18,-0.01811208170427203
2012-06-19,-0.0006198325034080243
2012-06-20,0.007987058851924411
2012-06-21,-0.0006276251944951072
2012-06-22,0.004067033910770679
2012-06-25,0.0
2012-06-26,0.0
2012-06-27,0.0
2012-06-28,0.0
2012-06-29,0.0
2012-07-02,-0.0006271715328727279
2012-07-03,0.03822036612043411
2012-07-05,-0.0006243262667473548
2012-07-06,-0.03030246739305642
2012-07-09,-0.0006285954862432774
2012-07-10,-0.034287356609704056
2012-07-11,-0.000635691018750939
2012-07-12,-0.006347525214304484
2012-07-13,-0.0006343573259954827
2012-07-16,-0.0037074476136523815
2012-07-17,-0.0006363341333573969
2012-07-18,-0.014034787126678161
2012-07-19,-0.0006368022148056651
2012-07-20,0.002490986324030553
2012-07-23,-0.0006397242845200823
2012-07-24,-0.0006401337936530194
2012-07-25,-0.0006356548784707261
2012-07-26,0.019348960900957834
2012-07-27,-0.000631857734779584
2012-07-30,0.01256790226837623
2012-07-31,-0.0006328708840934727
2012-08-01,-0.013453086312969154
2012-08-02,-0.0006354744319592154
2012-08-03,0.01746127381432916
2012-08-06,-0.0006302162350680929
2012-08-07,0.01112186243552915
2012-08-08,-0.0006300401870438233
2012-08-09,-0.013374227811497996
2012-08-10,-0.0006274372493902947
2012-08-13,0.012550929127261856
2012-08-14,-0.0006301745555767901
2012-08-15,-0.00471541571810441
2012-08-16,-0.0006253678317433842
2012-08-17,0.005939809103068683
2012-08-20,-0.0006252717686354714
2012-08-21,-0.017763672212639747
2012-08-22,-0.0006204245794892982
2012-08-23,5.380134474819442e-06
2012-08-24,-0.0006201823269031959
2012-08-27,0.012674505173951855
2012-08-28,-0.0006219315349386134
2012-08-29,0.010494328199208702
2012-08-30,-0.000624145722790681
2012-08-31,-0.04161810625151985
2012-09-04,-0.0006197664021070359
2012-09-05,-0.003587832233220567
2012-09-06,-0.0006164406833061298
2012-09-07,-0.027097465479060667
2012-09-10,-0.0006155127854526876
2012-09-11,-0.00699228474058855
2012-09-12,-0.0006142448223628305
2012-09-13,-0.050110773239450346
2012-09-14,-0.0006060755624858194
2012-09-17,-0.0016467373983349853
2012-09-18,-0.0006052147711653744
2012-09-19,-0.00908816872348539
2012-09-20,-0.0006051926546750686
2012-09-21,-0.0083452468639581
2012-09-24,-0.0006078126017686758
2012-09-25,0.015453123820356351
2012-09-26,-0.0006089818495249588
2012-09-27,-0.029830177348773024
2012-09-28,-0.0006065925689403562
2012-10-01,-0.005657551069832678
2012-10-02,-0.0006066692344876001
2012-10-03,0.01452260608299949
2012-10-04,-0.0006054140723379398
2012-10-05,0.009367174782717536
2012-10-08,-0.0006072340976518431
2012-10-09,0.021478198424768724
2012-10-10,-0.0006091821440935563
2012-10-11,-0.002507350763473193
2012-10-12,0.0
2012-10-15,-0.0006100886738195088
2012-10-16,0.01795940441258992
2012-10-17,-0.0006070975055856298
2012-10-18,-0.03052689786376528
2012-10-19,-0.0006098126999311004
2012-10-22,0.013483812963578812
2012-10-23,0.0
2012-10-24,-0.0006135950985020067
2012-10-25,0.029536005402607035
2012-10-26,-0.0006110451393994687
2012-10-31,0.03159697343637413
2012-11-01,0.0
2012-11-02,-0.0006142392660303253
2012-11-05,-0.007262739675666485
2012-11-06,-0.0006130033118548761
2012-11-07,0.012982760971024021
2012-11-08,-0.0006107203022315266
2012-11-09,-0.014220915981909221
2012-11-12,-0.0006136330312721539
2012-11-13,-0.01157624422105974
2012-11-14,-0.0006203387465365529
2012-11-15,-0.027070634094225388
2012-11-16,-0.0006225790949350163
2012-11-19,0.0282314384939224
2012-11-20,-0.0006200866344335809
2012-11-21,0.01499925894450227
2012-11-23,-0.0006166892924004408
2012-11-26,-0.001623053059524704
2012-11-27,-0.0006197671200953714
2012-11-28,0.007377956956514442
2012-11-29,-0.0006184184302954199
2012-11-30,-0.010808629543553216
2012-12-03,-0.000622466076628414
2012-12-04,0.0030360544052303595
2012-12-05,-0.0006253649154552843
2012-12-06,0.0033491462727941457
2012-12-07,-0.0006237581377457335
2012-12-10,0.012215395211832236
2012-12-11,-0.0006227855936292714
2012-12-12,0.027438450167046824
2012-12-13,-0.0006226687030692624
2012-12-14,0.0012966034787322833
2012-12-17,0.0
2012-12-18,0.0
2012-12-19,-0.0006254510286111126
2012-12-20,-0.006134124308864619
2012-12-21,-0.0006259979933335158
2012-12-24,0.0032149601781070736
2012-12-26,-0.0006250462972887671
2012-12-27,0.005239216855077
2012-12-28,-0.0006252856040150911
2012-12-31,0.031782073831380764
2013-01-02,0.0
2013-01-03,-0.0006253604573129845
2013-01-04,-0.004159583489516616
2013-01-07,0.0
2013-01-08,0.0
2013-01-09,0.0
2013-01-10,-0.0006240830488163374
2013-01-11,-0.0017187495200351455
2013-01-14,-0.0006243914740015066
2013-01-15,0.0068885681386055
2013-01-16,0.0
2013-01-17,0.0
2013-01-18,0.0
2013-01-22,0.0
2013-01-23,-0.000626927278678302
2013-01-24,0.030372290564734783
2013-01-25,-0.0006344151856095825
2013-01-28,-0.010898677989579109
2013-01-29,-0.0006334111121922836
2013-01-30,-0.006785424493184755
2013-01-31,-0.000635520357733399
2013-02-01,0.014522142362056734
2013-02-04,-0.0006329719503704867
2013-02-05,-0.002633255459013495
2013-02-06,-0.0006325304222475348
2013-02-07,0.001491852250814274
2013-02-08,-0.000632910844385437
2013-02-11,-0.02089896510492595
2013-02-12,-0.0006344628075557468
2013-02-13,-0.016835866145431866
2013-02-14,-0.0006361909619283512
2013-02-15,-0.036282556179481285
2013-02-19,-0.0006429233995037809
2013-02-20,-0.04857778174736238
2013-02-21,-0.0006478362581736619
2013-02-22,-0.004590657049886926
2013-02-25,-0.0006462072105619665
2013-02-26,0.012573416664838133
2013-02-27,-0.0006471724598288153
2013-02-28,-0.02440351527880713
2013-03-01,-0.000651642207116665
2013-03-04,-0.03294492808553329
2013-03-05,-0.0006569472372924823
2013-03-06,0.04181924271281612
2013-03-07,-0.0006525663263188264
2013-03-08,0.0034154632839591414
2013-03-11,-0.0006525561600155827
2013-03-12,0.02505644924234951
2013-03-13,-0.0006529787749987026
2013-03-14,0.010169410041063864
2013-03-15,-0.0006510143881166552
2013-03-18,0.0030104939118271723
2013-03-19,-0.0006500236772842838
2013-03-20,-0.0035980237878459054
2013-03-21,0.0
2013-03-22,0.0
2013-03-25,0.0
2013-03-26,-0.0006505948581074783
2013-03-27,0.015655182255882805
2013-03-28,0.0
2013-04-01,0.0
2013-04-02,0.0
2013-04-03,0.0
2013-04-04,-0.0006600689001686755
2013-04-05,-0.0048294887242092965
2013-04-08,-0.0006626517853992597
2013-04-09,0.038282511090105054
2013-04-10,-0.0006626279181679573
2013-04-11,-0.012983029615978858
2013-04-12,-0.0006750766560377208
2013-04-15,-0.09784607147080815
2013-04-16,-0.0006953939993210589
2013-04-17,-0.05198316283123172
2013-04-18,-0.0006998981509828139
2013-04-19,0.013154616935795227
2013-04-22,-0.0006944616844775098
2013-04-23,-0.02313145006838213
2013-04-24,-0.0006865522270237401
2013-04-25,0.01056359788719008
2013-04-26,-0.0006910840382807759
2013-04-29,0.013210506076416717
2013-04-30,-0.0006856997331287085
2013-05-01,-0.02308933629148313
2013-05-02,-0.0006905079904540035
2013-05-03,0.0009885673941472106
2013-05-06,-0.0006897395081206792
2013-05-07,-0.029286670826203398
2013-05-08,-0.000685378112631696
2013-05-09,-0.01777194266368709
2013-05-10,-0.000689190043730803
2013-05-13,-0.02649655238969706
2013-05-14,0.0
2013-05-15,0.0
2013-05-16,0.0
2013-05-17,-0.0007137996905856037
2013-05-20,0.06143741509027767
2013-05-21,-0.0007064799689056045
2013-05-22,0.013566620574190447
2013-05-23,-0.0007022865018160296
2013-05-24,-0.014681661534545865
2013-05-28,-0.0007071215022705912
2013-05-29,0.04554887538467667
2013-05-30,-0.000687560939978682
2013-05-31,-0.019330628719503085
2013-06-03,0.0
2013-06-04,-0.0006899531413052662
2013-06-05,-0.0050596560711813066
2013-06-06,-0.000686662354582368
2013-06-07,0.04195467074638759
2013-06-10,-0.0006940138861276646
2013-06-11,-0.03232707715898209
2013-06-12,-0.0006990191331250895
2013-06-13,0.009507474147452788
2013-06-14,-0.0007010389052014565
2013-06-17,-0.0030342981864994734
2013-06-18,-0.0007064533133203099
2013-06-19,0.030395685820722163
2013-06-20,-0.0007296341374526394
2013-06-21,0.01191844326678626
2013-06-24,-0.0007373429349557536
2013-06-25,-0.0062052097549341045
2013-06-26,-0.0007535351550359559
2013-06-27,0.023964397001939863
2013-06-28,-0.0007303014857676926
2013-07-01,0.01522916416399056
2013-07-02,-0.0007378474223145304
2013-07-03,0.018651923432522866
2013-07-05,-0.0007411857823775847
2013-07-08,-0.021268787785017174
2013-07-09,-0.0007428687885797647
2013-07-10,-0.001813816910112509
2013-07-11,-0.0007259442733564825
2013-07-12,-0.02475810769045894
2013-07-15,-0.0007319286454383622
2013-07-16,0.05310309075762665
2013-07-17,-0.000726556331990702
2013-07-18,-0.004720805518523941
2013-07-19,-0.0007181836545039344
2013-07-22,0.06037388854035641
2013-07-23,-0.0006997235925959577
2013-07-24,0.048120110182697795
2013-07-25,-0.0007078855390387773
2013-07-26,-0.01472556947452941
2013-07-29,-0.0007070381909058954
2013-07-30,0.007908874994262627
2013-07-31,-0.000709630131865091
2013-08-01,0.030280066208561163
2013-08-02,-0.0007213770157592503
2013-08-05,0.005123661665490831
2013-08-06,-0.0007352085360384786
2013-08-07,0.0026056392214464097
2013-08-08,-0.000717447742243249
2013-08-09,-0.021511145917257113
2013-08-12,-0.0007021311094679294
2013-08-13,0.027797212129844873
2013-08-14,-0.000696896688379911
2013-08-15,-0.05958847193441352
2013-08-16,-0.0006898219077067225
2013-08-19,0.018445721299694906
2013-08-20,-0.0006866764371206147
2013-08-21,0.04490541944731996
2013-08-22,-0.0006927853131353245
2013-08-23,-0.02833597411958677
2013-08-26,-0.0006858957588271597
2013-08-27,0.04341118750372308
2013-08-28,-0.0006999239127538637
2013-08-29,-0.008816989869413927
2013-08-30,-0.0007009424563843014
2013-09-03,-0.009948405725260234
2013-09-04,-0.000697935472900979
2013-09-05,0.03521829075424798
2013-09-06,-0.000702053345600917
2013-09-09,0.01214831808614436
2013-09-10,-0.0007127870652281487
2013-09-11,-0.008630703156640607
2013-09-12,0.0
2013-09-13,-0.0007202016870616612
2013-09-16,-0.009145214669958879
2013-09-17,-0.0007179137212833808
2013-09-18,0.08967872226304463
2013-09-19,-0.0007062833958436654
2013-09-20,-0.06179040440521999
2013-09-23,-0.0007241495271479437
2013-09-24,-0.003732353350880513
2013-09-25,-0.0007212852631974798
2013-09-26,-0.015214081662426326
2013-09-27,-0.0007243218673111951
2013-09-30,-0.004723799848236343
2013-10-01,-0.0007310027947718956
2013-10-02,0.0025076260932661576
2013-10-03,-0.0007322410137907687
2013-10-04,-0.004035803901168866
2013-10-07,-0.0007293227465134944
2013-10-08,-0.03205835610584096
2013-10-09,-0.0007358210741398308
2013-10-10,-0.01599283164262233
2013-10-11,-0.0007448561099516748
2013-10-14,0.002736994368394141
2013-10-15,-0.000737127650411562
2013-10-16,-0.021732887046416627
2013-10-17,-0.0007301146344982357
2013-10-18,-0.005202566807925413
2013-10-21,-0.0007262435686045121
2013-10-22,0.043362491924736846
2013-10-23,-0.000724796756247259
2013-10-24,-0.03895004574486571
2013-10-25,-0.0007150128681073786
2013-10-28,-0.008327632875801294
2013-10-29,-0.0007195762970702013
2013-10-30,-0.018601847383044157
2013-10-31,-0.0007252693191880377
2013-11-01,0.04073035850366091
2013-11-04,0.0
2013-11-05,0.0
2013-11-06,-0.0007282579044503024
2013-11-07,0.025301790097234544
2013-11-08,-0.000732792741203081
2013-11-11,-0.00031412804634278757
2013-11-12,-0.0007381070858681893
2013-11-13,-0.005836010181535012
2013-11-14,-0.0007304141476272008
2013-11-15,0.015958444736220878
2013-11-18,0.0
2013-11-19,-0.0007379284749503556
2013-11-20,-0.03656923595251116
2013-11-21,-0.0007504461793832462
2013-11-22,-0.011400189822267426
2013-11-25,-0.0007538452060666945
2013-11-26,-0.02595031688839955
2013-11-27,-0.00075873048784314
2013-11-29,0.020791887818417676
2013-12-02,-0.0007697139207492043
2013-12-03,-0.01630982223288646
2013-12-04,-0.0007659166027332853
2013-12-05,-0.02575013882195043
2013-12-06,-0.0007727654304315879
2013-12-09,0.024615355034689923
2013-12-10,-0.0007564420138859163
2013-12-11,-0.03621052902766597
2013-12-12,-0.000768499412902246
2013-12-13,0.003989483260903759
2013-12-16,-0.0007640701877857925
2013-12-17,-0.008718743210258784
2013-12-18,-0.000770280230318221
2013-12-19,-0.018492525495402812
2013-12-20,-0.0007748228623305486
2013-12-23,0.001723697950019698
2013-12-24,-0.0007657142322471389
2013-12-26,0.0006598901235275179
2013-12-27,0.0
2013-12-30,0.0
2013-12-31,-0.0007637570477680988
2014-01-02,0.03698992090880915
2014-01-03,-0.0007568887740310171
2014-01-06,-0.006266994579214313
2014-01-07,-0.0007557068443881931
2014-01-08,0.013409831877030154
2014-01-09,-0.000763419742525917
2014-01-10,-0.034186709806052096
2014-01-13,-0.0007473463322629215
2014-01-14,0.023995959978137638
2014-01-15,-0.0007503355316760274
2014-01-16,-0.011068400818426083
2014-01-17,-0.0007404909966254314
2014-01-21,-0.017483027070668733
2014-01-22,-0.0007423941184024896
2014-01-23,-0.025866153530626157
2014-01-24,-0.0007366046961460038
2014-01-27,0.03221812417647829
2014-01-28,-0.0007398640824896052
2014-01-29,-0.02944340805546619
2014-01-30,-0.0007387248425360093
2014-01-31,-0.0003094417253521886
2014-02-03,-0.0007403007505767389
2014-02-04,-0.011702293976804667
2014-02-05,-0.0007414443028148643
2014-02-06,0.0009971885850310613
2014-02-07,-0.000734442184499251
2014-02-10,-0.034043740087660534
2014-02-11,-0.0007186657633725391
2014-02-12,0.033667646252606875
2014-02-13,-0.000716607306928907
2014-02-14,-0.019266841099739307
2014-02-18,-0.0007119459314497423
2014-02-19,0.028081500865124953
2014-02-20,-0.0007102145431248097
2014-02-21,0.004166710918800831
2014-02-24,-0.000709786027520809
2014-02-25,0.012594766579532513
2014-02-26,-0.0007150139154591395
2014-02-27,0.002726427903391171
2014-02-28,-0.000716494542309154
2014-03-03,-0.017391898687224128
2014-03-04,-0.0007147039624643137
2014-03-05,-0.016051678307222983
2014-03-06,-0.000709140363052474
2014-03-07,0.021716423996011258
2014-03-10,-0.0007157646643330962
2014-03-11,-0.006111491379211409
2014-03-12,-0.0007081926645696734
2014-03-13,-0.027122526463635444
2014-03-14,-0.0007021878541928483
2014-03-17,0.032182765708411054
2014-03-18,0.0
2014-03-19,0.0
2014-03-20,0.0
2014-03-21,-0.000718970284561804
2014-03-24,-0.04751235229210582
2014-03-25,-0.0007282543989586276
2014-03-26,-0.04033028976828312
2014-03-27,-0.0007345895732868701
2014-03-28,0.011436885183149004
2014-03-31,-0.0007366313388109669
2014-04-01,0.0028650925431343843
2014-04-02,-0.0007301623399996737
2014-04-03,-0.008753519203743121
2014-04-04,-0.00073020037029492
2014-04-07,0.000330110851227694
2014-04-08,-0.0007245379551299447
2014-04-09,0.006697383964996417
2014-04-10,-0.00072731038215057
2014-04-11,-0.014937152561701472
2014-04-14,-0.0007280433898017025
2014-04-15,-0.02091538526414427
2014-04-16,-0.0007348482260830513
2014-04-17,-0.010428385984064148
2014-04-21,-0.0007377214481554262
2014-04-22,0.012023503571000127
2014-04-23,-0.0007301384546026801
2014-04-24,-0.01470099316384521
2014-04-25,0.0
2014-04-28,-0.0007334437983732567
2014-04-29,-0.013250633340089801
2014-04-30,-0.0007324009975184786
2014-05-01,0.011312077807971166
2014-05-02,0.0
2014-05-05,0.0
2014-05-06,0.0
2014-05-07,0.0
2014-05-08,-0.0007349941653022052
2014-05-09,-0.0020065948319311078
2014-05-12,-0.0007333949229597625
2014-05-13,-0.008727294779530603
2014-05-14,-0.0007322510869548493
2014-05-15,-0.018413446155247537
2014-05-16,0.0
2014-05-19,0.0
2014-05-20,0.0
2014-05-21,0.0
2014-05-22,-0.0007386496073573667
2014-05-23,-0.004993701481264434
2014-05-27,-0.0007490895599288061
2014-05-28,-0.01769293438585562
2014-05-29,-0.0007513581063378627
2014-05-30,0.010917531514203604
2014-06-02,-0.0007508018643430647
2014-06-03,0.004182731956908992
2014-06-04,-0.0007505203900116664
2014-06-05,0.01582388388300604
2014-06-06,-0.0007466102748708847
2014-06-09,-0.0064763547171151625
2014-06-10,-0.0007426030542243556
2014-06-11,0.016171978039118073
2014-06-12,0.0
2014-06-13,0.0
2014-06-16,-0.0007334909518511568
2014-06-17,-0.00596670277562017
2014-06-18,-0.000726527384284914
2014-06-19,-0.05561378578846776
2014-06-20,-0.0007167889821517726
2014-06-23,-0.01737785128194258
2014-06-24,-0.0007199661346009023
2014-06-25,-0.011150294939274441
2014-06-26,-0.0007159310867785873
2014-06-27,-0.0007164440113183179
2014-06-30,-0.0007119476664003699
2014-07-01,0.006116822441600389
2014-07-02,-0.000711660984814011
2014-07-03,-0.0010509204737660927
2014-07-07,-0.0007152322758853247
2014-07-08,-0.016127361112210248
2014-07-09,-0.0007063129010693725
2014-07-10,0.01865684020163716
2014-07-11,-0.000705116362656466
2014-07-14,0.025967157614839698
2014-07-15,-0.0007169706944522014
2014-07-16,-0.018168168678574848
2014-07-17,-0.0007074840091013668
2014-07-18,0.002987551838315561
2014-07-21,-0.0007083672332560687
2014-07-22,0.010087155559453498
2014-07-23,0.0
2014-07-24,-0.0007150389910902666
2014-07-25,-0.029535128053510218
2014-07-28,-0.000707691333232785
2014-07-29,0.005984248563495553
2014-07-30,0.0
2014-07-31,0.0
2014-08-01,-0.0007133506149530344
2014-08-04,-0.010243185509297037
2014-08-05,0.0
2014-08-06,0.0
2014-08-07,0.0
2014-08-08,0.0
2014-08-11,-0.0007070903742483203
2014-08-12,0.015805875604171016
2014-08-13,-0.0007046871817315559
2014-08-14,0.008956898115086931
2014-08-15,0.0
2014-08-18,0.0
2014-08-19,0.0
2014-08-20,0.0
2014-08-21,0.0
2014-08-22,0.0
2014-08-25,-0.0007181932694340087
2014-08-26,0.022273388998130805
2014-08-27,-0.0007138250173022165
2014-08-28,0.013083992877000128
2014-08-29,-0.0007100456243946951
2014-09-02,0.032708709580032025
2014-09-03,0.0
2014-09-04,0.0
2014-09-05,-0.000723164200192361
2014-09-08,-0.03384287342557457
2014-09-09,-0.0007274281545547323
2014-09-10,-0.019449027957263887
2014-09-11,-0.0007301526085501386
2014-09-12,-0.016776118785955307
2014-09-15,-0.0007336111202589368
2014-09-16,0.002400573793993832
2014-09-17,-0.0007381270727457867
2014-09-18,-0.014380916110706132
2014-09-19,-0.0007467052450826905
2014-09-22,-0.020596441862272608
2014-09-23,-0.0007481956485290153
2014-09-24,-0.014902554595593531
2014-09-25,-0.0007501634554153425
2014-09-26,-0.016411328972431805
2014-09-29,-0.0007568420335928305
2014-09-30,-0.02028976074818367
2014-10-01,-0.0007610770052953741
2014-10-02,0.009984585959537329
2014-10-03,-0.0007706925282207067
2014-10-06,0.023925184647345166
2014-10-07,-0.0007736889097589295
2014-10-08,0.07339198409289294
2014-10-09,-0.000762828659675141
2014-10-10,-0.023335267944849414
2014-10-13,-0.0007645415526049693
2014-10-14,0.010595185065392254
2014-10-15,-0.0007606516938762908
2014-10-16,-0.0035591358686914987
2014-10-17,-0.0007697727738599225
2014-10-20,0.022399783783350058
2014-10-21,-0.0007649066777645208
2014-10-22,-0.03181628890051347
2014-10-23,-0.0007718332111987802
2014-10-24,-0.005149048231104292
2014-10-27,-0.0007779019550864241
2014-10-28,0.019247097178149097
2014-10-29,-0.0007845307809414281
2014-10-30,-0.07408197802469407
2014-10-31,-0.0008272701035088037
2014-11-03,0.04775591297767656
2014-11-04,-0.0008242534883317054
2014-11-05,-0.03679250961535818
2014-11-06,-0.0008246132790711291
2014-11-07,0.07988221520163807
2014-11-10,-0.0008199574325103987
2014-11-11,0.040387054338387296
2014-11-12,-0.0008068083236644208
2014-11-13,-0.015624619806189455
2014-11-14,-0.000794029743675484
2014-11-17,0.018663849024931345
2014-11-18,-0.0007751773421703634
2014-11-19,-0.0559087300020662
2014-11-20,-0.0007837176622593756
2014-11-21,0.007845565968799484
2014-11-24,-0.0007853655025445994
2014-11-25,0.04080988052651291
2014-11-26,0.0
2014-11-28,-0.0008053832445029663
2014-12-01,-0.07559701837666666
2014-12-02,-0.0007917725397025288
2014-12-03,-0.02086954367334004
2014-12-04,-0.0007914724523552241
2014-12-05,0.023179600899977615
2014-12-08,-0.0007967834137121432
2014-12-09,-0.04721906553835997
2014-12-10,-0.0007914950026116641
2014-12-11,0.010671916533677717
2014-12-12,-0.0008006875278553371
2014-12-15,0.06747453419042482
2014-12-16,-0.0008268233945170067
2014-12-17,0.05061490405402336
2014-12-18,-0.0007980160733869202
2014-12-19,-0.010396145372574606
2014-12-22,-0.0008181439184685724
2014-12-23,-0.0099809369618723
2014-12-24,-0.0008124072338077104
2014-12-26,0.025627555139698055
2014-12-29,-0.0008113895468900845
2014-12-30,0.03366623186102191
2014-12-31,-0.0008017615460231831
2015-01-02,0.0260987679643081
2015-01-05,-0.0007855458858352371
2015-01-06,0.052435223549020415
2015-01-07,-0.0007771345494177462
2015-01-08,0.013679326228752453
2015-01-09,0.0
2015-01-12,-0.000759322663455797
2015-01-13,0.0419223012565999
2015-01-14,-0.0007742479347804254
2015-01-15,-0.05702608068475523
2015-01-16,-0.0007509198157142905
2015-01-20,-0.03573945975083381
2015-01-21,-0.0007468672143507993
2015-01-22,0.00542579436582602
2015-01-23,-0.0007558095040167689
2015-01-26,-0.018699097058371694
2015-01-27,-0.000743353929434587
2015-01-28,0.038867518937598655
2015-01-29,-0.0007575544069625684
2015-01-30,-0.03136627469805264
2015-02-02,-0.000747928931808195
2015-02-03,0.024656040136807666
2015-02-04,-0.0007497312822078994
2015-02-05,-0.013293926442461523
2015-02-06,-0.0007608637909555238
2015-02-09,-0.017667135735978667
2015-02-10,-0.0007616850935874275
2015-02-11,0.017133074840622875
2015-02-12,0.0
2015-02-13,-0.0007620418699079146
2015-02-17,0.03129213097871819
2015-02-18,-0.0007640757457286762
2015-02-19,-0.023116708294061428
2015-02-20,-0.0007712871271402522
2015-02-23,0.0036240627048695906
2015-02-24,-0.000772033420315732
2015-02-25,0.018326925072369438
2015-02-26,-0.0007647199355330647
2015-02-27,0.01353384820563619
2015-03-02,0.0
2015-03-03,-0.00077245624928024
2015-03-04,-0.017451613005361577
2015-03-05,-0.0007762881557866752
2015-03-06,-0.07591063107174445
2015-03-09,-0.0008097339493501332
2015-03-10,-0.01530995620724851
2015-03-11,-0.0008048571857407483
2015-03-12,-0.007942789674531991
2015-03-13,-0.0008069431789342607
2015-03-16,0.00029876517673743663
2015-03-17,-0.000809704698779834
2015-03-18,0.049269660598820986
2015-03-19,-0.000797040026455198
2015-03-20,0.03316418421099976
2015-03-23,-0.0007810674363865067
2015-03-24,-0.006349071519908711
2015-03-25,-0.0007864418540864948
2015-03-26,-0.016528954750967717
2015-03-27,-0.0007948860197529717
2015-03-30,-0.02044132098091822
2015-03-31,-0.0008045625293198189
2015-04-01,0.052933620968032224
2015-04-02,-0.0007921357509733662
2015-04-06,0.03523935737082251
2015-04-07,-0.0007898690706120703
2015-04-08,0.005989637992136032
2015-04-09,-0.0007940655813266639
2015-04-10,-0.029372823027048467
2015-04-13,-0.0007891013664879098
2015-04-14,-0.009628829761510915
2015-04-15,-0.0007786503270268419
2015-04-16,0.011253653306505962
2015-04-17,-0.0007821369042166904
2015-04-20,-0.005864447231318071
2015-04-21,-0.0007788709644135361
2015-04-22,0.031088765151180198
2015-04-23,0.0
2015-04-24,0.0
2015-04-27,0.0
2015-04-28,-0.0007711448629178497
2015-04-29,-0.010533499250381384
2015-04-30,-0.0007763793836254029
2015-05-01,-0.006247356532478987
2015-05-04,-0.000772676965184127
2015-05-05,0.009283662214553345
2015-05-06,-0.0007824341623992037
2015-05-07,-0.0068816908739436355
2015-05-08,-0.0007787651470871904
2015-05-11,-0.0032893259322106516
2015-05-12,-0.0007745156826917121
2015-05-13,-0.025216513753488656
2015-05-14,-0.0007674120583098798
2015-05-15,0.0028706052078337763
2015-05-18,-0.0007682553937589098
2015-05-19,0.03542581452765203
2015-05-20,0.0
2015-05-21,-0.0007792983147252297
2015-05-22,0.003992820246182305
2015-05-26,-0.000789267014411732
2015-05-27,-0.010939383629148036
2015-05-28,-0.0007837239507705318
2015-05-29,-0.0007843386557605525
2015-06-01,-0.0007847764245670907
2015-06-02,0.013316268587463709
2015-06-03,-0.0007861758297746935
2015-06-04,-0.01701471673796351
2015-06-05,-0.0007948617020712145
2015-06-08,0.008764343865749646
2015-06-09,-0.0007958273746204725
2015-06-10,0.010128923494134856
2015-06-11,-0.0007964181300876838
2015-06-12,-0.009303580260928812
2015-06-15,-0.0007987749576415792
2015-06-16,-0.01370651812110213
2015-06-17,-0.0007945236126949418
2015-06-18,0.01193342675252329
2015-06-19,-0.0007974710624092385
2015-06-22,-0.0182073358293382
2015-06-23,-0.000802291996053528
2015-06-24,-0.0002581677382852421
2015-06-25,-0.0008053722240295436
2015-06-26,-0.005202410091467602
2015-06-29,-0.0008100307847711541
2015-06-30,-0.009464987513640888
2015-07-01,-0.0008211915313960372
2015-07-02,0.01825946521192856
2015-07-06,-0.0008112127420553117
2015-07-07,-0.0484455965311521
2015-07-08,-0.0008294041304792721
2015-07-09,0.0033250060334355513
2015-07-10,-0.0008313156689557788
2015-07-13,0.0009592573836751939
2015-07-14,-0.0008325658014657344
2015-07-15,-0.02418502227785091
2015-07-16,-0.000843825083166605
2015-07-17,-0.04541697331000849
2015-07-20,-0.0009029693636022351
2015-07-21,0.02412650224231383
2015-07-22,-0.0008944744577507047
2015-07-23,-0.034982743039591147
2015-07-24,-0.0008943693792030638
2015-07-27,-0.03724506927312332
2015-07-28,-0.0009054523397583614
2015-07-29,0.018072104888382734
2015-07-30,-0.0009119028422757136
2015-07-31,0.019773260452587094
2015-08-03,-0.0009181710648623609
2015-08-04,-0.0001654314741962315
2015-08-05,-0.0009243914782086637
2015-08-06,0.021619582677086413
2015-08-07,-0.00091411006485842
2015-08-10,0.06320661946322814
2015-08-11,-0.0008825307618312017
2015-08-12,0.0659079623804244
2015-08-13,-0.0008787793697349056
2015-08-14,-0.014524373207595032
2015-08-17,-0.0008697140279532167
2015-08-18,-0.01750504994198332
2015-08-19,-0.0008665233957606544
2015-08-20,-0.041432570635496435
2015-08-21,-0.0008619266833741479
2015-08-24,0.07895446694064012
2015-08-25,-0.0009063039141011808
2015-08-26,0.046622862932073295
2015-08-27,-0.0009029172627224025
2015-08-28,0.032461350481898466
2015-08-31,-0.0008947956075923136
2015-09-01,0.028232763190906507
2015-09-02,-0.0009085355325162414
2015-09-03,0.017106480756791997
2015-09-04,0.0
2015-09-08,0.0
2015-09-09,-0.0009223647479481567
2015-09-10,-0.0024453835104896182
2015-09-11,-0.0009207543766076576
2015-09-14,-0.010390599641078913
2015-09-15,-0.0009231279552032179
2015-09-16,0.055831702110063386
2015-09-17,-0.0008892088541366805
2015-09-18,0.013651098947444318
2015-09-21,-0.0008966057731506494
2015-09-22,-0.0465865838910946
2015-09-23,-0.0009188009961350607
2015-09-24,0.07032592808695504
2015-09-25,-0.0008978897904384775
2015-09-28,0.04601230252444477
2015-09-29,-0.0009144850476165978
2015-09-30,0.022960015609426065
2015-10-01,0.0
2015-10-02,0.0
2015-10-05,-0.0008678885643493839
2015-10-06,-0.03662760327051551
2015-10-07,-0.0008565599957409686
2015-10-08,0.01133298191861365
2015-10-09,-0.0008424120762547949
2015-10-12,0.02811569955883053
2015-10-13,-0.0008507649957720798
2015-10-14,-0.06492099092686121
2015-10-15,-0.0008296374661862504
2015-10-16,0.029415877145985814
2015-10-19,-0.0008541084960245193
2015-10-20,-0.04004902451122605
2015-10-21,-0.0008511498698974274
2015-10-22,-0.017108132230609585
2015-10-23,-0.0008364959066784472
2015-10-26,0.031554756418937124
2015-10-27,-0.0008467985239897224
2015-10-28,0.009467565270221634
2015-10-29,-0.0008677089114064174
2015-10-30,0.009714555849914985
2015-11-02,-0.0008703875094028257
2015-11-03,0.005793436513249484
2015-11-04,-0.0008800796740190409
2015-11-05,-0.03578341714815281
2015-11-06,-0.0009123013544422021
2015-11-09,0.02580929413560562
2015-11-10,-0.0009119169587277209
2015-11-11,0.01206775736964949
2015-11-12,-0.0009122889970952786
2015-11-13,0.00951318927092859
2015-11-16,-0.0009043540702629027
2015-11-17,-0.04714164456420056
2015-11-18,-0.0009121188215790443
2015-11-19,0.03433123069238753
2015-11-20,-0.000914018041320297
2015-11-23,-0.0076209889765510574
2015-11-24,-0.0009010354724371394
2015-11-25,-0.01027998511150896
2015-11-27,-0.0009126788245965578
2015-11-30,0.020253958600536803
2015-12-01,-0.0008919036005197167
2015-12-02,-0.028326490943171634
2015-12-03,-0.0008943382506365616
2015-12-04,0.05092078840579761
2015-12-07,-0.0008923300740616424
2015-12-08,0.006166350593898473
2015-12-09,0.0
2015-12-10,-0.0008917314417401512
2015-12-11,-0.012175941107926969
2015-12-14,-0.0009095439490881541
2015-12-15,-0.003189571493842358
2015-12-16,0.0
2015-12-17,-0.0009175941464752979
2015-12-18,-0.024215383770513133
2015-12-21,-0.0008999166297395389
2015-12-22,-0.007434452225606125
2015-12-23,-0.0008950389382943458
2015-12-24,-0.020254024905532297
2015-12-28,-0.0008995302176485476
2015-12-29,-0.010696754178912249
2015-12-30,-0.0009043810240813022
2015-12-31,-0.004660809122926435
2016-01-04,0.0
2016-01-05,0.0
2016-01-06,-0.0008861763887231255
2016-01-07,0.042581520633582004
2016-01-08,-0.0008805098835942271
2016-01-11,0.03952295984869725
2016-01-12,0.0
2016-01-13,-0.000904949210501993
2016-01-14,-0.035467581726585706
2016-01-15,-0.0009209344333755975
2016-01-19,-0.045339112354603084
2016-01-20,-0.0009275975165631278
2016-01-21,0.0006296060462380737
2016-01-22,-0.000923584070509964
2016-01-25,0.026757938690166405
2016-01-26,-0.0008944335638553236
2016-01-27,0.01557931283099201
2016-01-28,-0.000897809283896378
2016-01-29,-0.024372263428069196
2016-02-01,-0.0008773219355572293
2016-02-02,0.021388639906865237
2016-02-03,0.0
2016-02-04,-0.0008420235252989405
2016-02-05,-0.057021084615503925
2016-02-08,-0.0008160795259417597
2016-02-09,0.03907067665495956
2016-02-10,-0.0008218641001486171
2016-02-11,-0.07266862708975519
2016-02-12,-0.0007930467822034881
2016-02-16,0.08428107597128798
2016-02-17,-0.0008100937936790231
2016-02-18,-0.06215523791368227
2016-02-19,-0.0008005217606176229
2016-02-22,-0.010074017457010864
2016-02-23,-0.0007922465965702896
2016-02-24,-0.011131893906940804
2016-02-25,-0.0007848571117777814
2016-02-26,0.03489620604185539
2016-02-29,-0.0007849456055141202
2016-03-01,0.04058004074808497
2016-03-02,-0.0007894938836520149
2016-03-03,-0.04019596092321154
2016-03-04,-0.0007798305445325671
2016-03-07,-0.03558389423028496
2016-03-08,-0.0007842993125272146
2016-03-09,-0.005945982619573353
2016-03-10,-0.0007705437813083638
2016-03-11,0.020349953915197894
2016-03-14,-0.0007887931724386288
2016-03-15,-0.023064953346017325
2016-03-16,-0.0007646589658851788
2016-03-17,0.019411195017397187
2016-03-18,-0.0007680495743522808
2016-03-21,-0.000280488068033824
2016-03-22,-0.0007682871832309646
2016-03-23,0.07467909974253639
2016-03-24,0.0
2016-03-28,0.0
2016-03-29,-0.000768906056806351
2016-03-30,0.014844716991010865
2016-03-31,-0.0007763128566813382
2016-04-01,-0.007550726598063551
2016-04-04,0.0
2016-04-05,0.0
2016-04-06,0.0
2016-04-07,-0.0007654297968830992
2016-04-08,-0.03134995688668152
2016-04-11,-0.0007431525691438123
2016-04-12,-0.008040009513733959
2016-04-13,-0.0007481908354122213
2016-04-14,0.027842571155977325
2016-04-15,-0.0007483589415472336
2016-04-18,0.0003940922922294199
2016-04-19,-0.0007375772844756545
2016-04-20,0.017798412432530553
2016-04-21,-0.0007374548748209087
2016-04-22,0.027671737920800688
2016-04-25,-0.0007457650130261451
2016-04-26,-0.024593743947214253
2016-04-27,-0.0007375444769112116
2016-04-28,-0.045366372880218386
2016-04-29,-0.0007138616908730633
2016-05-02,0.016744130796219725
2016-05-03,-0.0007236472292184715
2016-05-04,0.05123118713107111
2016-05-05,-0.0007283802185360511
2016-05-06,-0.0402912043968251
2016-05-09,-0.0007347238583693683
2016-05-10,-0.03839855550309712
2016-05-11,-0.0007201762157119651
2016-05-12,0.021658790944615536
2016-05-13,-0.0007226249484961755
2016-05-16,-0.018899417170161414
2016-05-17,-0.0007158257146968605
2016-05-18,0.0787750942537786
2016-05-19,-0.0007303360955785987
2016-05-20,-0.0038182924964086373
2016-05-23,-0.0007322688340137828
2016-05-24,0.05447115922909762
2016-05-25,-0.0007390274258977092
2016-05-26,-0.004856903108939159
2016-05-27,-0.0007462803085568348
2016-05-31,0.010005719782236744
2016-06-01,-0.0007420808430034231
2016-06-02,0.0014389190991743739
2016-06-03,-0.0007175823086973399
2016-06-06,0.004992424752353397
2016-06-07,0.0
2016-06-08,-0.0007126166491634445
2016-06-09,-0.013812720674905132
2016-06-10,-0.0007127420371456639
2016-06-13,0.002351267424913317
2016-06-14,-0.0007176984845002066
2016-06-15,-0.0374329895856268
2016-06-16,-0.0007166013778511227
2016-06-17,-0.013330229622923961
2016-06-20,-0.0007152973179577193
2016-06-21,0.027404644479126272
2016-06-22,-0.000716663380272653
2016-06-23,0.008689292758092826
2016-06-24,-0.0007063940821367964
2016-06-27,-0.012312275870504763
2016-06-28,-0.0007074918119400753
2016-06-29,-0.02154477142156519
2016-06-30,-0.0006994422874944117
2016-07-01,-0.04956607960263182
2016-07-05,-0.0006861940200657557
2016-07-06,-0.03243000285409914
2016-07-07,-0.0006868123724661501
2016-07-08,-0.03324812118300913
2016-07-11,-0.0006804153884896191
2016-07-12,0.03826242672690383
2016-07-13,-0.000681579124795717
2016-07-14,0.005782617908594689
2016-07-15,-0.0006847437376931165
2016-07-18,-0.004714956713649965
2016-07-19,-0.0006858520020356362
2016-07-20,0.057335493529558024
2016-07-21,-0.0006912036620450035
2016-07-22,0.0017189642620076828
2016-07-25,-0.0006988112408669034
2016-07-26,-0.027035116999734266
2016-07-27,-0.0006853448873788137
2016-07-28,0.001020030602816524
2016-07-29,-0.0006806124767200217
2016-08-01,-0.012565093593780441
2016-08-02,-0.000676410666465066
2016-08-03,0.01050876095002784
2016-08-04,0.0
2016-08-05,-0.0006827113118600403
2016-08-08,-0.008977339496094694
2016-08-09,0.0
2016-08-10,-0.0006764147534428222
2016-08-11,0.006840831673235348
2016-08-12,-0.0006776905357995799
2016-08-15,0.00611100719511426
2016-08-16,-0.0006792519101681549
2016-08-17,0.013449963380498975
2016-08-18,-0.000679560997604578
2016-08-19,0.024905238245234385
2016-08-22,-0.0006873143446519681
2016-08-23,0.013930966388500998
2016-08-24,0.0
2016-08-25,-0.000701500498367591
2016-08-26,-0.006192875660485431
2016-08-29,-0.0007019446288610842
2016-08-30,-0.04986589087938942
2016-08-31,-0.0007163837875778789
2016-09-01,0.03824804834269169
2016-09-02,-0.000701167821396731
2016-09-06,0.04716568440757518
2016-09-07,-0.0006928826059885429
2016-09-08,-0.022336234644787623
2016-09-09,-0.0007085927897199085
2016-09-12,0.025080012942498398
2016-09-13,-0.0007113173107811122
2016-09-14,-0.0005001087998033338
2016-09-15,-0.0007100534310960915
2016-09-16,-0.009464463668140688
2016-09-19,-0.000710750128780413
2016-09-20,-0.002442172042333657
2016-09-21,-0.0006974039743531391
2016-09-22,-0.005364779919425189
2016-09-23,-0.0007042066116020873
2016-09-26,0.008202462050918236
2016-09-27,0.0
2016-09-28,-0.0007044501875023146
2016-09-29,-0.00922487919521553
2016-09-30,-0.0007086874409198973
2016-10-03,0.018741252482969983
2016-10-04,-0.0007350748448801125
2016-10-05,0.0060920719304871085
2016-10-06,-0.0007405824492969781
2016-10-07,0.004462430506199322
2016-10-10,-0.000737675710787089
2016-10-11,-0.026211738477667
2016-10-12,-0.0007385216124126126
2016-10-13,0.0167909763996148
2016-10-14,-0.0007392373257801843
2016-10-17,0.013633590575052201
2016-10-18,-0.0007275037916023575
2016-10-19,0.027164593784511082
2016-10-20,-0.0007219344453468501
2016-10-21,-0.006991681985437759
2016-10-24,-0.00072836271547283
2016-10-25,0.022507195987841122
2016-10-26,-0.00072820544780694
2016-10-27,-0.01650128529698447
2016-10-28,-0.0007310633685259083
2016-10-31,0.029072121584511335
2016-11-01,-0.0007188021264513678
2016-11-02,-0.01662947883265964
2016-11-03,-0.0007181217954084218
2016-11-04,0.011151186971715132
2016-11-07,-0.000729288949583351
2016-11-08,0.003444374614530288
2016-11-09,-0.0007244918145161705
2016-11-10,0.07379151551065011
2016-11-11,-0.0007632746517118871
2016-11-14,0.009517010928556058
2016-11-15,-0.0007498987647955868
2016-11-16,-0.009375451622280595
2016-11-17,-0.0007582059549146036
2016-11-18,-0.011774397087058297
2016-11-21,-0.0007560887080452217
2016-11-22,0.0029673020265024164
2016-11-23,-0.0007685077674254304
2016-11-25,0.005081564740190281
2016-11-28,-0.0007571802594215082
2016-11-29,-0.009164333716244255
2016-11-30,-0.0007644335348717668
2016-12-01,-0.009412031464536286
2016-12-02,-0.000757479939457073
2016-12-05,-0.0033262958036385237
2016-12-06,-0.0007598046076441323
2016-12-07,0.012209807827615604
2016-12-08,-0.0007565905778087467
2016-12-09,-0.03757397415186625
2016-12-12,-0.0007653221424932521
2016-12-13,0.0136854847255925
2016-12-14,0.0
2016-12-15,-0.0007887431433118985
2016-12-16,-0.0015757636771189798
2016-12-19,-0.0007876269094005961
2016-12-20,0.0020921132739006865
2016-12-21,-0.000787256756394128
2016-12-22,-0.0018347904138517057
2016-12-23,-0.0007837577242666427
2016-12-27,0.02609755002425418
2016-12-28,-0.0007710820517251582
2016-12-29,0.0755156315449994
2016-12-30,-0.0007636062253792986
2017-01-03,-0.041790781575874236
2017-01-04,-0.0007514071431161673
2017-01-05,-0.05973314326361179
2017-01-06,-0.0007458473752014472
2017-01-09,-0.004141069891539506
2017-01-10,-0.0007434703021704792
2017-01-11,0.0014480255059394764
2017-01-12,-0.0007432879765575384
2017-01-13,-0.006244448818256032
2017-01-17,-0.0007355440733790575
2017-01-18,0.015098584577904361
2017-01-19,-0.0007409768621898793
2017-01-20,-0.012360410293352775
2017-01-23,-0.0007314184438935722
2017-01-24,-0.00221344534526724
2017-01-25,-0.0007344213484736795
2017-01-26,0.02506686541989378
2017-01-27,-0.0007370650067072271
2017-01-30,0.0018710911935617691
2017-01-31,-0.0007300794569117253
2017-02-01,0.002813914295077602
2017-02-02,-0.0007257302067611437
2017-02-03,-0.005648364280255502
2017-02-06,-0.0007165966912799915
2017-02-07,0.004396988727371598
2017-02-08,-0.0007152538275599918
2017-02-09,0.02550593406079016
2017-02-10,-0.0007177343193713881
2017-02-13,0.01300064843505333
2017-02-14,-0.0007207999760319161
2017-02-15,-0.0013398779961483198
2017-02-16,-0.0007182749443361836
2017-02-17,0.01613971374948231
2017-02-21,-0.0007236426807747387
2017-02-22,0.011444141401792951
2017-02-23,-0.0007260384457932201
2017-02-24,0.008768389172635782
2017-02-27,-0.0007410656590556286
2017-02-28,-0.00247821426825523
2017-03-01,0.0
2017-03-02,-0.0007502851704555002
2017-03-03,0.011085309791665887
2017-03-06,-0.0007537865626719986
2017-03-07,-0.006761439412641179
2017-03-08,-0.0007570039632678327
2017-03-09,-0.010849716970706025
2017-03-10,-0.0007524975844284132
2017-03-13,0.011660349641162693
2017-03-14,-0.0007569743708244481
2017-03-15,0.07483018608944048
2017-03-16,-0.0007411485410860896
2017-03-17,-0.005136681372816421
2017-03-20,-0.0007394324992857637
2017-03-21,0.014320813966205215
2017-03-22,-0.0007359342693220583
2017-03-23,-0.011038302703221481
2017-03-24,-0.0007393241789839244
2017-03-27,0.020639370187280237
2017-03-28,-0.0007412757767591982
2017-03-29,-0.006003748207116466
2017-03-30,0.0
2017-03-31,-0.0007414121849259603
2017-04-03,-0.01721142511420848
2017-04-04,-0.0007345563144091072
2017-04-05,-0.0017676226429618191
2017-04-06,-0.0007345188443691475
2017-04-07,-0.0015797021271140022
2017-04-10,-0.0007328400299571047
2017-04-11,-0.03036266574856561
2017-04-12,-0.0007239982535297562
2017-04-13,0.0013372290720510271
2017-04-17,-0.000724945576262237
2017-04-18,0.007194847557037365
2017-04-19,-0.0007352851438657826
2017-04-20,-0.008455261769165001
2017-04-21,0.0
2017-04-24,-0.0007372083151208075
2017-04-25,0.042445260577338884
2017-04-26,-0.000746699806762896
2017-04-27,-0.02008878091716504
2017-04-28,-0.0007465852204162626
2017-05-01,-0.026823316806762976
2017-05-02,-0.0007523899909397391
2017-05-03,-0.010401288833108202
2017-05-04,-0.0007601166541608695
2017-05-05,0.021083291845211738
2017-05-08,-0.0007546855805501407
2017-05-09,-0.0021477463598935653
2017-05-10,-0.0007503127861052672
2017-05-11,0.019319553635713582
2017-05-12,-0.0007414094904885093
2017-05-15,0.002352828547484309
2017-05-16,-0.0007390952605457191
2017-05-17,0.01712145178889868
2017-05-18,0.0
2017-05-19,-0.0007398399844871228
2017-05-22,0.011893882624962826
2017-05-23,0.0
2017-05-24,0.0
2017-05-25,-0.0007422440687240295
2017-05-26,-0.009564917045760124
2017-05-30,-0.0007434135649075913
2017-05-31,-0.00517643823642755
2017-06-01,-0.0007436140775421984
2017-06-02,-0.006933636646578423
2017-06-05,-0.000741979555656247
2017-06-06,-0.047412931271889724
2017-06-07,-0.0007328981829928249
2017-06-08,0.016649836207926816
2017-06-09,-0.0007409826492758009
2017-06-12,0.003212582865147917
2017-06-13,0.0
2017-06-14,0.0
2017-06-15,-0.0007482343053468732
2017-06-16,-0.003433442501275308
2017-06-19,-0.0007501449783969827
2017-06-20,-0.008264530065606901
2017-06-21,-0.0007481506611568545
2017-06-22,0.011479983739502542
2017-06-23,-0.0007411230495206755
2017-06-26,-0.008904566897209532
2017-06-27,0.0
2017-06-28,0.0
2017-06-29,0.0
2017-06-30,-0.0007486641033445096
2017-07-03,-0.026572511594613046
2017-07-05,-0.0007520611099337549
2017-07-06,-0.013606955011901456
2017-07-07,-0.000758837330659623
2017-07-10,0.014804610041856847
2017-07-11,-0.0007533210186637662
2017-07-12,0.002940220169358021
2017-07-13,-0.0007551096034673632
2017-07-14,0.013878932630051244
2017-07-17,0.0
2017-07-18,0.0
2017-07-19,0.0
2017-07-20,0.0
2017-07-21,0.0
2017-07-24,0.0
2017-07-25,-0.0007461187596752294
2017-07-26,0.023899225211795327
2017-07-27,-0.0007439604976028358
2017-07-28,-0.015828725214853012
2017-07-31,-0.0007409517173552205
2017-08-01,0.00012615709165397782
2017-08-02,-0.0007417375743784538
2017-08-03,0.0019179262150099685
2017-08-04,-0.0007464725015086104
2017-08-07,0.005514820575974522
2017-08-08,-0.0007474244066363323
2017-08-09,-0.015848312609235804
2017-08-10,-0.0007386067340809932
2017-08-11,-0.004224199932653883
2017-08-14,-0.0007409032774641222
2017-08-15,0.012226054330053415
2017-08-16,0.0
2017-08-17,-0.0007389387750991183
2017-08-18,0.0036106343636417293
2017-08-21,-0.0007363509082793929
2017-08-22,0.007822448134538806
2017-08-23,-0.0007365845450728603
2017-08-24,-0.003955670803623135
2017-08-25,-0.0007349710397112075
2017-08-28,-0.03533305355256766
2017-08-29,-0.0007255214084610495
2017-08-30,0.009515898505121134
2017-08-31,-0.0007225623626860855
2017-09-01,-0.0031723508391339195
2017-09-05,-0.0007176827989759937
2017-09-06,0.013522301706353934
2017-09-07,-0.0007160296016571754
2017-09-08,0.007755981918512678
2017-09-11,-0.0007241844012131349
2017-09-12,-0.005210566736261746
2017-09-13,-0.0007272930098670694
2017-09-14,-0.007366920244119002
2017-09-15,-0.0007281164499290949
2017-09-18,0.015656706678626398
2017-09-19,-0.0007307983734985424
2017-09-20,0.01441474062497261
2017-09-21,0.0
2017-09-22,0.0
2017-09-25,0.0
2017-09-26,0.0
2017-09-27,-0.0007385173181142513
2017-09-28,0.005757676241475274
2017-09-29,-0.0007388964447572199
2017-10-02,0.0023230808534424607
2017-10-03,-0.0007355245743190242
2017-10-04,0.004406695207099132
2017-10-05,-0.0007360675780161419
2017-10-06,0.01472786607134191
2017-10-09,-0.0007311766683280041
2017-10-10,-0.007537728137459121
2017-10-11,-0.0007305501923461355
2017-10-12,-0.004933005657434264
2017-10-13,-0.0007301998958104683
2017-10-16,-0.01604233722264259
2017-10-17,0.0
2017-10-18,0.0
2017-10-19,0.0
2017-10-20,0.0
2017-10-23,0.0
2017-10-24,-0.0007390780097363825
2017-10-25,-0.005718900134878413
2017-10-26,0.0
2017-10-27,-0.0007430905555758649
2017-10-30,0.00699902014397491
2017-10-31,0.0
2017-11-01,-0.0007439702059788278
2017-11-02,0.0034583430932879633
2017-11-03,-0.0007445211768732918
2017-11-06,0.020218686244337203
2017-11-07,-0.000741269999840255
2017-11-08,0.00607110327849858
2017-11-09,-0.0007404966634956267
2017-11-10,-0.013890830337641824
2017-11-13,-0.0007432768762786202
2017-11-14,0.0005716798850847749
2017-11-15,-0.0007422506122848338
2017-11-16,-0.0024897544745361433
2017-11-17,-0.0007407444543185981
2017-11-20,-0.012121190626666722
2017-11-21,-0.0007415456397044107
2017-11-22,0.008306279976036723
2017-11-24,0.0
2017-11-27,0.0
2017-11-28,-0.0007399964223938627
2017-11-29,0.017605823207151428
2017-11-30,0.0
2017-12-01,0.0
2017-12-04,0.0
2017-12-05,0.0
2017-12-06,-0.000753035605776331
2017-12-07,-0.006055283038172932
2017-12-08,-0.0007531996087055681
2017-12-11,-0.008136269823414755
2017-12-12,-0.0007563092031894758
2017-12-13,0.034019327792262466
2017-12-14,0.0
2017-12-15,-0.0007494641470392471
2017-12-18,0.014189038268543452
2017-12-19,-0.0007459025292498866
2017-12-20,0.016638740247583383
2017-12-21,0.0
2017-12-22,0.0
2017-12-26,0.0
2017-12-27,0.0
2017-12-28,0.0
2017-12-29,-0.0007351712567492674
2018-01-02,-0.025951503084639893
2018-01-03,-0.0007317934770344481
2018-01-04,-0.007131012258452474
2018-01-05,-0.000730801479348453
2018-01-08,0.009011756286769756
2018-01-09,-0.000736310761726866
2018-01-10,-0.0068356511883431725
2018-01-11,-0.0007337136155368684
2018-01-12,-0.028274007900905618
2018-01-16,-0.0007238745301331173
2018-01-17,0.017819595215396333
2018-01-18,-0.0007313074394618146
2018-01-19,-0.001981266340745691
2018-01-22,-0.0007303254415652605
2018-01-23,-0.016994629390826188
2018-01-24,-0.0007218703962815765
2018-01-25,0.019647475321523222
2018-01-26,-0.000724386615581718
2018-01-29,0.0264397563558032
2018-01-30,0.0
2018-01-31,0.0
2018-02-01,0.0
2018-02-02,0.0
2018-02-05,-0.0007395895449304746
2018-02-06,-0.028046484740607003
2018-02-07,-0.0007495080276785915
2018-02-08,-0.00807211750587411
2018-02-09,-0.0007542123686994362
2018-02-12,0.024449807150289438
2018-02-13,-0.0007474563084319819
2018-02-14,0.044942007756297864
2018-02-15,-0.0007365455512576835
2018-02-16,-0.022912604023265892
2018-02-20,-0.000748834494266104
2018-02-21,-0.004651480959145915
2018-02-22,-0.0007504485963372165
2018-02-23,0.009817132178266741
2018-02-26,-0.000745278415252959
2018-02-27,-0.032284961743851315
2018-02-28,-0.0007549148859835597
2018-03-01,0.009071691166177676
2018-03-02,-0.0007532424164385931
2018-03-05,0.0057582685540280565
2018-03-06,-0.0007471658010381743
2018-03-07,-0.02142096767532997
2018-03-08,-0.0007515213232595075
2018-03-09,-0.004449089420009988
2018-03-12,0.0
2018-03-13,0.0
2018-03-14,0.0
2018-03-15,0.0
2018-03-16,-0.0007540454165610999
2018-03-19,0.0022774332519506224
2018-03-20,-0.0007558956291557895
2018-03-21,0.02647960317621001
2018-03-22,0.0
2018-03-23,0.0
2018-03-26,0.0
2018-03-27,0.0
2018-03-28,-0.0007520381980531399
2018-03-29,-0.015081927843221599
2018-04-02,0.0
2018-04-03,-0.0007491385182154531
2018-04-04,0.0010447376457012325
2018-04-05,0.0
2018-04-06,0.0
2018-04-09,0.0
2018-04-10,0.0
2018-04-11,-0.0007401469641450387
2018-04-12,0.011030638842846718
2018-04-13,-0.0007384169156754439
2018-04-16,0.0036500388393612138
2018-04-17,-0.0007380805724689354
2018-04-18,-0.0027390635017607856
2018-04-19,-0.0007369150565450511
2018-04-20,0.014003918124602777
2018-04-23,-0.0007435801020555521
2018-04-24,-0.014242940243163527
2018-04-25,0.0
2018-04-26,-0.0007417193452338156
2018-04-27,-0.007368027574308211
2018-04-30,-0.0007451575278943912
2018-05-01,-0.0025602917961359273
2018-05-02,0.0
2018-05-03,-0.0007410214804214332
2018-05-04,-6.642085399011233e-05
2018-05-07,-0.0007408778467308252
2018-05-08,-0.0014162489569686798
2018-05-09,0.0
2018-05-10,0.0
2018-05-11,-0.0007386611035893331
2018-05-14,0.003606188178525871
2018-05-15,0.0
2018-05-16,-0.0007441599656723419
2018-05-17,-0.004804404583822031
2018-05-18,-0.0007451691202924327
2018-05-21,0.004852148710227544
2018-05-22,0.0
2018-05-23,-0.0007436089078878272
2018-05-24,0.012184531504800145
2018-05-25,0.0
2018-05-29,0.0
2018-05-30,0.0
2018-05-31,0.0
2018-06-01,0.0
2018-06-04,0.0
2018-06-05,0.0
2018-06-06,0.0
2018-06-07,0.0
2018-06-08,0.0
2018-06-11,-0.0007415228786714634
2018-06-12,-0.0040311104919539265
2018-06-13,0.0
2018-06-14,0.0
2018-06-15,0.0
2018-06-18,0.0
2018-06-19,0.0
2018-06-20,0.0
2018-06-21,0.0
2018-06-22,0.0
2018-06-25,0.0
2018-06-26,0.0
2018-06-27,0.0
2018-06-28,-0.0007482997755836607
2018-06-29,0.01571011825852664
2018-07-02,0.0
2018-07-03,0.0
2018-07-05,0.0
2018-07-06,0.0
2018-07-09,0.0
2018-07-10,0.0
2018-07-11,0.0
2018-07-12,-0.0007457934742557404
2018-07-13,-0.009065886828631853
2018-07-16,-0.0007489092643829798
2018-07-17,-0.0007494705498213294
2018-07-18,0.0
2018-07-19,0.0
2018-07-20,0.0
2018-07-23,0.0
2018-07-24,-0.0007519855336677317
2018-07-25,0.007109282567073993
2018-07-26,0.0
2018-07-27,0.0
2018-07-30,-0.0007559901662860247
2018-07-31,0.0013610541198134651
2018-08-01,-0.0007576383397003283
2018-08-02,-0.00974736081065286
2018-08-03,-0.0007575907665847703
2018-08-06,-0.011637031949514598
2018-08-07,-0.0007636646932055458
2018-08-08,0.004072620458134724
2018-08-09,-0.0007626966701278493
2018-08-10,-0.008718262924655384
2018-08-13,-0.0007726830382028815
2018-08-14,-0.01078239099199052
2018-08-15,-0.0007930318349285148
2018-08-16,-0.022853725083318843
2018-08-17,-0.0007911691591232506
2018-08-20,0.004555302708740605
2018-08-21,-0.0007878605831758145
2018-08-22,0.006261499046279484
2018-08-23,-0.0007947908526175773
2018-08-24,0.02626695802329393
2018-08-27,-0.0007823155772932466
2018-08-28,-0.018932473915933223
2018-08-29,-0.0007868315589353303
2018-08-30,-0.016085513083032632
2018-08-31,-0.0007934819158796902
2018-09-04,-0.02935488439885381
2018-09-05,-0.0008047243551311256
2018-09-06,-0.001647464451756675
2018-09-07,-0.0008045509768567216
2018-09-10,-0.015899472889251864
2018-09-11,-0.0008099115989967931
2018-09-12,0.029916299638934385
2018-09-13,-0.0008011273422099396
2018-09-14,-0.007157173407695505
2018-09-17,0.0
2018-09-18,-0.0007966916787918166
2018-09-19,0.021261757495382616
2018-09-20,0.0
2018-09-21,0.0
2018-09-24,0.0
2018-09-25,0.0
2018-09-26,-0.0007955557049408313
2018-09-27,-0.0045964519676070514
2018-09-28,-0.0007940008043634261
2018-10-01,1.1990517969850956e-05
2018-10-02,0.0
2018-10-03,-0.000790764168459579
2018-10-04,0.00027334247605836914
2018-10-05,-0.000792859745317398
2018-10-08,-0.0050897999902250746
2018-10-09,-0.0007970860399328927
2018-10-10,-0.014423332808467193
2018-10-11,-0.0007750169110825045
2018-10-12,0.0047768913748365005
2018-10-15,-0.0007721239881038899
2018-10-16,0.001721612079243151
2018-10-17,-0.0007742178343823625
2018-10-18,-0.00480264122959928
2018-10-19,-0.0007727997610724735
2018-10-22,0.007491246804674168
2018-10-23,-0.0007715142557515042
2018-10-24,0.01267469762286244
2018-10-25,-0.0007874092532590415
2018-10-26,-0.004480099986091335
2018-10-29,-0.0007873634833843735
2018-10-30,-0.008700745754605888
2018-10-31,0.0
2018-11-01,0.0
2018-11-02,-0.0007781183862075602
2018-11-05,0.0025379081145944227
2018-11-06,-0.0007812515073873927
2018-11-07,0.004891880845315111
2018-11-08,-0.0007818400973511608
2018-11-09,0.017055192841747058
2018-11-12,-0.0007926211383154635
2018-11-13,-0.01100240296431687
2018-11-14,-0.0007896014676519458
2018-11-15,0.014368263075263732
