lookback,threshold,quarter,direction,fit_window_rows,sharpe_momentum,n_trades_momentum,sharpe_reversal,n_trades_reversal,fallback_used
5,0.005,2006Q4,reversal,87,-1.73025551244473,79,1.73025551244473,79,False
5,0.005,2007Q1,reversal,150,-1.1929767356934862,135,1.1929767356934862,135,False
5,0.005,2007Q2,reversal,211,-0.8618826845801669,190,0.8618826845801669,190,False
5,0.005,2007Q3,reversal,274,-1.0170398033816215,249,1.0170398033816215,249,False
5,0.005,2007Q4,reversal,337,-0.40150549829586324,308,0.40150549829586324,308,False
5,0.005,2008Q1,reversal,401,-0.3034748404152204,363,0.3034748404152204,363,False
5,0.005,2008Q2,reversal,462,-0.4627339016809775,422,0.4627339016809775,422,False
5,0.005,2008Q3,reversal,526,-0.6449157442995268,480,0.6449157442995268,480,False
5,0.005,2008Q4,reversal,590,-0.13495406598236184,544,0.13495406598236184,544,False
5,0.005,2009Q1,reversal,654,-0.43098917490495536,606,0.43098917490495536,606,False
5,0.005,2009Q2,reversal,715,-0.2502777164647768,664,0.2502777164647768,664,False
5,0.005,2009Q3,reversal,778,-0.29707230999490375,725,0.29707230999490375,725,False
5,0.005,2009Q4,reversal,842,-0.3534329519131855,786,0.3534329519131855,786,False
5,0.005,2010Q1,reversal,906,-0.36405619734496925,847,0.36405619734496925,847,False
5,0.005,2010Q2,reversal,967,-0.39059372118149915,902,0.39059372118149915,902,False
5,0.005,2010Q3,reversal,1030,-0.38805063901241527,961,0.38805063901241527,961,False
5,0.005,2010Q4,reversal,1094,-0.444909677983857,1016,0.444909677983857,1016,False
5,0.005,2011Q1,reversal,1158,-0.4254481408778695,1071,0.4254481408778695,1071,False
5,0.005,2011Q2,reversal,1220,-0.36540166620703046,1126,0.36540166620703046,1126,False
5,0.005,2011Q3,reversal,1283,-0.30918194669325333,1187,0.30918194669325333,1187,False
5,0.005,2011Q4,reversal,1347,-0.2969911182636025,1250,0.2969911182636025,1250,False
5,0.005,2012Q1,reversal,1410,-0.3054594195623845,1309,0.3054594195623845,1309,False
5,0.005,2012Q2,reversal,1472,-0.2951530072586813,1367,0.2951530072586813,1367,False
5,0.005,2012Q3,reversal,1535,-0.3066076188828853,1426,0.3066076188828853,1426,False
5,0.005,2012Q4,reversal,1598,-0.33533860526209297,1486,0.33533860526209297,1486,False
5,0.005,2013Q1,reversal,1660,-0.41523205130024243,1541,0.41523205130024243,1541,False
5,0.005,2013Q2,reversal,1720,-0.3928379660944468,1594,0.3928379660944468,1594,False
5,0.005,2013Q3,reversal,1784,-0.34152116542770083,1655,0.34152116542770083,1655,False
5,0.005,2013Q4,reversal,1848,-0.3724720168031054,1714,0.3724720168031054,1714,False
5,0.005,2014Q1,reversal,1912,-0.3403724409736275,1774,0.3403724409736275,1774,False
5,0.005,2014Q2,reversal,1973,-0.37664883039086494,1832,0.37664883039086494,1832,False
5,0.005,2014Q3,reversal,2036,-0.32851328331545804,1888,0.32851328331545804,1888,False
5,0.005,2014Q4,reversal,2100,-0.3191430977308147,1945,0.3191430977308147,1945,False
5,0.005,2015Q1,reversal,2164,-0.11624727334194869,2004,0.11624727334194869,2004,False
5,0.005,2015Q2,reversal,2225,-0.08301953640980476,2060,0.08301953640980476,2060,False
5,0.005,2015Q3,reversal,2288,-0.12477185555717392,2116,0.12477185555717392,2116,False
5,0.005,2015Q4,reversal,2352,-0.07227997916145056,2176,0.07227997916145056,2176,False
5,0.005,2016Q1,reversal,2416,-0.06602519170033137,2236,0.06602519170033137,2236,False
5,0.005,2016Q2,reversal,2477,-0.10502140618367871,2293,0.10502140618367871,2293,False
5,0.005,2016Q3,reversal,2541,-0.044220610519975605,2355,0.044220610519975605,2355,False
5,0.005,2016Q4,reversal,2605,-0.010938494053767064,2416,0.010938494053767064,2416,False
5,0.005,2017Q1,reversal,2668,-0.00894778654274117,2475,0.00894778654274117,2475,False
5,0.005,2017Q2,momentum,2730,0.044323674032885965,2534,-0.044323674032885965,2534,False
5,0.005,2017Q3,momentum,2793,0.04746523780562199,2591,-0.04746523780562199,2591,False
5,0.005,2017Q4,momentum,2856,0.0602324736935965,2647,-0.0602324736935965,2647,False
5,0.005,2018Q1,momentum,2919,0.08872096916577625,2706,-0.08872096916577625,2706,False
5,0.005,2018Q2,momentum,2980,0.06136699241018665,2761,-0.06136699241018665,2761,False
5,0.005,2018Q3,momentum,3044,0.043177788005903654,2807,-0.043177788005903654,2807,False
5,0.005,2018Q4,momentum,3107,0.06617684873316128,2865,-0.06617684873316128,2865,False
5,0.01,2006Q4,reversal,87,-1.2895429906185822,76,1.2895429906185822,76,False
5,0.01,2007Q1,reversal,150,-0.6691025653021203,126,0.6691025653021203,126,False
5,0.01,2007Q2,reversal,211,-0.31350301985209683,175,0.31350301985209683,175,False
5,0.01,2007Q3,reversal,274,-0.8947450117696897,227,0.8947450117696897,227,False
5,0.01,2007Q4,reversal,337,-0.4278582888008201,279,0.4278582888008201,279,False
5,0.01,2008Q1,reversal,401,-0.18915027417544697,330,0.18915027417544697,330,False
5,0.01,2008Q2,reversal,462,-0.3627018417479267,387,0.3627018417479267,387,False
5,0.01,2008Q3,reversal,526,-0.643506210568419,441,0.643506210568419,441,False
5,0.01,2008Q4,reversal,590,-0.055207714585587105,504,0.055207714585587105,504,False
5,0.01,2009Q1,reversal,654,-0.39362763123062344,566,0.39362763123062344,566,False
5,0.01,2009Q2,reversal,715,-0.14950119619153118,619,0.14950119619153118,619,False
5,0.01,2009Q3,reversal,778,-0.2817470246268189,677,0.2817470246268189,677,False
5,0.01,2009Q4,reversal,842,-0.3579625792107519,733,0.3579625792107519,733,False
5,0.01,2010Q1,reversal,906,-0.36444018540261097,787,0.36444018540261097,787,False
5,0.01,2010Q2,reversal,967,-0.3769042718755603,838,0.3769042718755603,838,False
5,0.01,2010Q3,reversal,1030,-0.4012134159038604,890,0.4012134159038604,890,False
5,0.01,2010Q4,reversal,1094,-0.45797337428644,942,0.45797337428644,942,False
5,0.01,2011Q1,reversal,1158,-0.41941294997858525,992,0.41941294997858525,992,False
5,0.01,2011Q2,reversal,1220,-0.39175968407028927,1039,0.39175968407028927,1039,False
5,0.01,2011Q3,reversal,1283,-0.36331090118917075,1090,0.36331090118917075,1090,False
5,0.01,2011Q4,reversal,1347,-0.3664124974462455,1150,0.3664124974462455,1150,False
5,0.01,2012Q1,reversal,1410,-0.3703782805571796,1202,0.3703782805571796,1202,False
5,0.01,2012Q2,reversal,1472,-0.34697424620836076,1253,0.34697424620836076,1253,False
5,0.01,2012Q3,reversal,1535,-0.36447364957230344,1308,0.36447364957230344,1308,False
5,0.01,2012Q4,reversal,1598,-0.38887493797425127,1362,0.38887493797425127,1362,False
5,0.01,2013Q1,reversal,1660,-0.4918057346014462,1407,0.4918057346014462,1407,False
5,0.01,2013Q2,reversal,1720,-0.4785440099749948,1449,0.4785440099749948,1449,False
5,0.01,2013Q3,reversal,1784,-0.3870393417885576,1506,0.3870393417885576,1506,False
5,0.01,2013Q4,reversal,1848,-0.3839159671298181,1561,0.3839159671298181,1561,False
5,0.01,2014Q1,reversal,1912,-0.3362737910208566,1618,0.3362737910208566,1618,False
5,0.01,2014Q2,reversal,1973,-0.3656282146657133,1670,0.3656282146657133,1670,False
5,0.01,2014Q3,reversal,2036,-0.3249181779813719,1716,0.3249181779813719,1716,False
5,0.01,2014Q4,reversal,2100,-0.3013680811008643,1767,0.3013680811008643,1767,False
5,0.01,2015Q1,reversal,2164,-0.09896933712633971,1821,0.09896933712633971,1821,False
5,0.01,2015Q2,reversal,2225,-0.0562524844890996,1875,0.0562524844890996,1875,False
5,0.01,2015Q3,reversal,2288,-0.09799935222570683,1929,0.09799935222570683,1929,False
5,0.01,2015Q4,reversal,2352,-0.02866158380050431,1986,0.02866158380050431,1986,False
5,0.01,2016Q1,reversal,2416,-0.01448913002400647,2040,0.01448913002400647,2040,False
5,0.01,2016Q2,reversal,2477,-0.03687341598412256,2094,0.03687341598412256,2094,False
5,0.01,2016Q3,momentum,2541,0.025126586558228036,2150,-0.025126586558228036,2150,False
5,0.01,2016Q4,momentum,2605,0.04854696803120346,2205,-0.04854696803120346,2205,False
5,0.01,2017Q1,momentum,2668,0.01233711581146719,2259,-0.01233711581146719,2259,False
5,0.01,2017Q2,momentum,2730,0.07017857122502351,2316,-0.07017857122502351,2316,False
5,0.01,2017Q3,momentum,2793,0.08536060136255165,2369,-0.08536060136255165,2369,False
5,0.01,2017Q4,momentum,2856,0.09943715276495764,2418,-0.09943715276495764,2418,False
5,0.01,2018Q1,momentum,2919,0.12293260182089998,2467,-0.12293260182089998,2467,False
5,0.01,2018Q2,momentum,2980,0.09050734599215562,2512,-0.09050734599215562,2512,False
5,0.01,2018Q3,momentum,3044,0.07608681343481635,2547,-0.07608681343481635,2547,False
5,0.01,2018Q4,momentum,3107,0.1015343051854115,2600,-0.1015343051854115,2600,False
5,0.015,2006Q4,reversal,87,-1.824225269973359,71,1.824225269973359,71,False
5,0.015,2007Q1,reversal,150,-1.260754433768124,116,1.260754433768124,116,False
5,0.015,2007Q2,reversal,211,-0.6163139312496702,158,0.6163139312496702,158,False
5,0.015,2007Q3,reversal,274,-1.1755997547189438,210,1.1755997547189438,210,False
5,0.015,2007Q4,reversal,337,-0.5849810728572173,259,0.5849810728572173,259,False
5,0.015,2008Q1,reversal,401,-0.22460575064842156,303,0.22460575064842156,303,False
5,0.015,2008Q2,reversal,462,-0.5596851979157567,355,0.5596851979157567,355,False
5,0.015,2008Q3,reversal,526,-0.7805411173283131,400,0.7805411173283131,400,False
5,0.015,2008Q4,reversal,590,-0.220109091174928,460,0.220109091174928,460,False
5,0.015,2009Q1,reversal,654,-0.44882429732018203,520,0.44882429732018203,520,False
5,0.015,2009Q2,reversal,715,-0.16719568136308355,567,0.16719568136308355,567,False
5,0.015,2009Q3,reversal,778,-0.1995937889991001,621,0.1995937889991001,621,False
5,0.015,2009Q4,reversal,842,-0.3362553084051168,671,0.3362553084051168,671,False
5,0.015,2010Q1,reversal,906,-0.3265125772722106,720,0.3265125772722106,720,False
5,0.015,2010Q2,reversal,967,-0.34860320376899717,764,0.34860320376899717,764,False
5,0.015,2010Q3,reversal,1030,-0.4045693062330522,812,0.4045693062330522,812,False
5,0.015,2010Q4,reversal,1094,-0.44908166776779557,856,0.44908166776779557,856,False
5,0.015,2011Q1,reversal,1158,-0.4002326244316371,897,0.4002326244316371,897,False
5,0.015,2011Q2,reversal,1220,-0.3580418383401799,941,0.3580418383401799,941,False
5,0.015,2011Q3,reversal,1283,-0.3681201183309693,985,0.3681201183309693,985,False
5,0.015,2011Q4,reversal,1347,-0.3536217543758127,1040,0.3536217543758127,1040,False
5,0.015,2012Q1,reversal,1410,-0.36911179522037074,1087,0.36911179522037074,1087,False
5,0.015,2012Q2,reversal,1472,-0.34565875720530953,1134,0.34565875720530953,1134,False
5,0.015,2012Q3,reversal,1535,-0.35448303756006905,1185,0.35448303756006905,1185,False
5,0.015,2012Q4,reversal,1598,-0.3964014090744214,1234,0.3964014090744214,1234,False
5,0.015,2013Q1,reversal,1660,-0.46661672182430336,1270,0.46661672182430336,1270,False
5,0.015,2013Q2,reversal,1720,-0.4557780479533183,1307,0.4557780479533183,1307,False
5,0.015,2013Q3,reversal,1784,-0.3147301307812473,1360,0.3147301307812473,1360,False
5,0.015,2013Q4,reversal,1848,-0.29821579697470674,1414,0.29821579697470674,1414,False
5,0.015,2014Q1,reversal,1912,-0.25769721932894496,1468,0.25769721932894496,1468,False
5,0.015,2014Q2,reversal,1973,-0.2697388535506203,1512,0.2697388535506203,1512,False
5,0.015,2014Q3,reversal,2036,-0.2398118893163677,1551,0.2398118893163677,1551,False
5,0.015,2014Q4,reversal,2100,-0.22455925599061186,1598,0.22455925599061186,1598,False
5,0.015,2015Q1,reversal,2164,-0.043779351139197,1646,0.043779351139197,1646,False
5,0.015,2015Q2,reversal,2225,-0.009023872850051542,1693,0.009023872850051542,1693,False
5,0.015,2015Q3,reversal,2288,-0.059733490806598566,1740,0.059733490806598566,1740,False
5,0.015,2015Q4,momentum,2352,0.013541511084815758,1795,-0.013541511084815758,1795,False
5,0.015,2016Q1,momentum,2416,0.034354035516707244,1842,-0.034354035516707244,1842,False
5,0.015,2016Q2,momentum,2477,0.006326655144862322,1892,-0.006326655144862322,1892,False
5,0.015,2016Q3,momentum,2541,0.04251528974704153,1940,-0.04251528974704153,1940,False
5,0.015,2016Q4,momentum,2605,0.07444220421950085,1989,-0.07444220421950085,1989,False
5,0.015,2017Q1,momentum,2668,0.031749046676893544,2042,-0.031749046676893544,2042,False
5,0.015,2017Q2,momentum,2730,0.09756776301535972,2091,-0.09756776301535972,2091,False
5,0.015,2017Q3,momentum,2793,0.11427884208396805,2138,-0.11427884208396805,2138,False
5,0.015,2017Q4,momentum,2856,0.12178099429960268,2184,-0.12178099429960268,2184,False
5,0.015,2018Q1,momentum,2919,0.1460625060575248,2221,-0.1460625060575248,2221,False
5,0.015,2018Q2,momentum,2980,0.12736824409455258,2258,-0.12736824409455258,2258,False
5,0.015,2018Q3,momentum,3044,0.12902977584797284,2280,-0.12902977584797284,2280,False
5,0.015,2018Q4,momentum,3107,0.16445918239637658,2324,-0.16445918239637658,2324,False
5,0.02,2006Q4,reversal,87,-1.23930414357819,65,1.23930414357819,65,False
5,0.02,2007Q1,reversal,150,-0.6922279549988938,106,0.6922279549988938,106,False
5,0.02,2007Q2,reversal,211,-0.7820657691223599,136,0.7820657691223599,136,False
5,0.02,2007Q3,reversal,274,-1.6811108152648566,182,1.6811108152648566,182,False
5,0.02,2007Q4,reversal,337,-0.9501447986230288,230,0.9501447986230288,230,False
5,0.02,2008Q1,reversal,401,-0.32600957388623075,269,0.32600957388623075,269,False
5,0.02,2008Q2,reversal,462,-0.862558764737852,316,0.862558764737852,316,False
5,0.02,2008Q3,reversal,526,-0.8708019232354529,356,0.8708019232354529,356,False
5,0.02,2008Q4,reversal,590,-0.3371592357992202,413,0.3371592357992202,413,False
5,0.02,2009Q1,reversal,654,-0.5399335861387353,473,0.5399335861387353,473,False
5,0.02,2009Q2,reversal,715,-0.29303402406681617,517,0.29303402406681617,517,False
5,0.02,2009Q3,reversal,778,-0.32265531172544537,568,0.32265531172544537,568,False
5,0.02,2009Q4,reversal,842,-0.4622881992613902,616,0.4622881992613902,616,False
5,0.02,2010Q1,reversal,906,-0.41579443754338075,663,0.41579443754338075,663,False
5,0.02,2010Q2,reversal,967,-0.4476469199469939,704,0.4476469199469939,704,False
5,0.02,2010Q3,reversal,1030,-0.5189978198534672,746,0.5189978198534672,746,False
5,0.02,2010Q4,reversal,1094,-0.5179172015572117,775,0.5179172015572117,775,False
5,0.02,2011Q1,reversal,1158,-0.49182702644076165,812,0.49182702644076165,812,False
5,0.02,2011Q2,reversal,1220,-0.47454943532335975,852,0.47454943532335975,852,False
5,0.02,2011Q3,reversal,1283,-0.46640960269070086,890,0.46640960269070086,890,False
5,0.02,2011Q4,reversal,1347,-0.39427361943639083,939,0.39427361943639083,939,False
5,0.02,2012Q1,reversal,1410,-0.41566309935643775,981,0.41566309935643775,981,False
5,0.02,2012Q2,reversal,1472,-0.3530149889846251,1023,0.3530149889846251,1023,False
5,0.02,2012Q3,reversal,1535,-0.36796631759409026,1067,0.36796631759409026,1067,False
5,0.02,2012Q4,reversal,1598,-0.4086601512540492,1110,0.4086601512540492,1110,False
5,0.02,2013Q1,reversal,1660,-0.4760727445056813,1138,0.4760727445056813,1138,False
5,0.02,2013Q2,reversal,1720,-0.4680439235189139,1169,0.4680439235189139,1169,False
5,0.02,2013Q3,reversal,1784,-0.3630447642308259,1217,0.3630447642308259,1217,False
5,0.02,2013Q4,reversal,1848,-0.3491258261522401,1268,0.3491258261522401,1268,False
5,0.02,2014Q1,reversal,1912,-0.30318179530794637,1316,0.30318179530794637,1316,False
5,0.02,2014Q2,reversal,1973,-0.31962244219364866,1354,0.31962244219364866,1354,False
5,0.02,2014Q3,reversal,2036,-0.27272717281734465,1389,0.27272717281734465,1389,False
5,0.02,2014Q4,reversal,2100,-0.2378457074114823,1431,0.2378457074114823,1431,False
5,0.02,2015Q1,reversal,2164,-0.05699474104454165,1475,0.05699474104454165,1475,False
5,0.02,2015Q2,reversal,2225,-0.028417386944149855,1520,0.028417386944149855,1520,False
5,0.02,2015Q3,reversal,2288,-0.05708383185278433,1558,0.05708383185278433,1558,False
5,0.02,2015Q4,reversal,2352,-0.020537448506444914,1608,0.020537448506444914,1608,False
5,0.02,2016Q1,reversal,2416,-0.017630928528520766,1651,0.017630928528520766,1651,False
5,0.02,2016Q2,reversal,2477,-0.015479539723999507,1697,0.015479539723999507,1697,False
5,0.02,2016Q3,reversal,2541,-0.012727086438684553,1739,0.012727086438684553,1739,False
5,0.02,2016Q4,momentum,2605,0.003804877408374946,1785,-0.003804877408374946,1785,False
5,0.02,2017Q1,reversal,2668,-0.016759909547931443,1831,0.016759909547931443,1831,False
5,0.02,2017Q2,momentum,2730,0.034006270788356295,1872,-0.034006270788356295,1872,False
5,0.02,2017Q3,momentum,2793,0.03735327430445262,1913,-0.03735327430445262,1913,False
5,0.02,2017Q4,momentum,2856,0.04723978953285053,1956,-0.04723978953285053,1956,False
5,0.02,2018Q1,momentum,2919,0.06472442161797994,1984,-0.06472442161797994,1984,False
5,0.02,2018Q2,momentum,2980,0.04001451551679135,2013,-0.04001451551679135,2013,False
5,0.02,2018Q3,momentum,3044,0.04063881551481054,2025,-0.04063881551481054,2025,False
5,0.02,2018Q4,momentum,3107,0.07830732575555566,2065,-0.07830732575555566,2065,False
10,0.005,2006Q4,reversal,82,-1.5330591474814628,75,1.5330591474814628,75,False
10,0.005,2007Q1,reversal,145,-1.2861323197792174,132,1.2861323197792174,132,False
10,0.005,2007Q2,reversal,206,-0.5570749802981029,191,0.5570749802981029,191,False
10,0.005,2007Q3,reversal,269,-0.8192616028121644,245,0.8192616028121644,245,False
10,0.005,2007Q4,reversal,332,-0.315129764614992,307,0.315129764614992,307,False
10,0.005,2008Q1,momentum,396,0.2366879898292664,365,-0.2366879898292664,365,False
10,0.005,2008Q2,momentum,457,0.031530572175216785,423,-0.031530572175216785,423,False
10,0.005,2008Q3,reversal,521,-0.04179554009056228,485,0.04179554009056228,485,False
10,0.005,2008Q4,reversal,585,-0.3267553155368435,548,0.3267553155368435,548,False
10,0.005,2009Q1,reversal,649,-0.10437797452017054,611,0.10437797452017054,611,False
10,0.005,2009Q2,reversal,710,-0.14117880664418406,672,0.14117880664418406,672,False
10,0.005,2009Q3,momentum,773,0.08530119094342346,733,-0.08530119094342346,733,False
10,0.005,2009Q4,reversal,837,-0.02273437451342402,794,0.02273437451342402,794,False
10,0.005,2010Q1,reversal,901,-0.10270211278558518,857,0.10270211278558518,857,False
10,0.005,2010Q2,reversal,962,-0.1458217231966822,915,0.1458217231966822,915,False
10,0.005,2010Q3,reversal,1025,-0.2006183387104499,974,0.2006183387104499,974,False
10,0.005,2010Q4,reversal,1089,-0.1186733103283293,1036,0.1186733103283293,1036,False
10,0.005,2011Q1,reversal,1153,-0.16879190117405152,1094,0.16879190117405152,1094,False
10,0.005,2011Q2,reversal,1215,-0.17649948553870765,1155,0.17649948553870765,1155,False
10,0.005,2011Q3,reversal,1278,-0.1917358136429211,1214,0.1917358136429211,1214,False
10,0.005,2011Q4,reversal,1342,-0.08448135349017637,1275,0.08448135349017637,1275,False
10,0.005,2012Q1,reversal,1405,-0.2163355645838292,1335,0.2163355645838292,1335,False
10,0.005,2012Q2,reversal,1467,-0.27273287357483506,1396,0.27273287357483506,1396,False
10,0.005,2012Q3,reversal,1530,-0.25724898699098836,1455,0.25724898699098836,1455,False
10,0.005,2012Q4,reversal,1593,-0.13707157300832576,1516,0.13707157300832576,1516,False
10,0.005,2013Q1,reversal,1655,-0.19218454821298994,1570,0.19218454821298994,1570,False
10,0.005,2013Q2,reversal,1715,-0.172456112397015,1617,0.172456112397015,1617,False
10,0.005,2013Q3,reversal,1779,-0.09068264893384495,1680,0.09068264893384495,1680,False
10,0.005,2013Q4,reversal,1843,-0.04249422186686639,1743,0.04249422186686639,1743,False
10,0.005,2014Q1,reversal,1907,-0.010975899200823976,1803,0.010975899200823976,1803,False
10,0.005,2014Q2,reversal,1968,-0.014212477066995074,1859,0.014212477066995074,1859,False
10,0.005,2014Q3,momentum,2031,0.0008439182450998562,1915,-0.0008439182450998562,1915,False
10,0.005,2014Q4,momentum,2095,0.002979017709540649,1975,-0.002979017709540649,1975,False
10,0.005,2015Q1,momentum,2159,0.0325476534190186,2034,-0.0325476534190186,2034,False
10,0.005,2015Q2,momentum,2220,0.08408020362647975,2094,-0.08408020362647975,2094,False
10,0.005,2015Q3,momentum,2283,0.08305364650874711,2154,-0.08305364650874711,2154,False
10,0.005,2015Q4,momentum,2347,0.025274865311994264,2218,-0.025274865311994264,2218,False
10,0.005,2016Q1,momentum,2411,0.048608041352732466,2278,-0.048608041352732466,2278,False
10,0.005,2016Q2,momentum,2472,0.08227148306604655,2338,-0.08227148306604655,2338,False
10,0.005,2016Q3,momentum,2536,0.101843814319654,2401,-0.101843814319654,2401,False
10,0.005,2016Q4,momentum,2600,0.0664152013149696,2462,-0.0664152013149696,2462,False
10,0.005,2017Q1,momentum,2663,0.04359482988804012,2519,-0.04359482988804012,2519,False
10,0.005,2017Q2,momentum,2725,0.07773311506726999,2578,-0.07773311506726999,2578,False
10,0.005,2017Q3,momentum,2788,0.06902671046164058,2636,-0.06902671046164058,2636,False
10,0.005,2017Q4,momentum,2851,0.07436828569769642,2694,-0.07436828569769642,2694,False
10,0.005,2018Q1,momentum,2914,0.08082160641832146,2744,-0.08082160641832146,2744,False
10,0.005,2018Q2,momentum,2975,0.05807745522205665,2796,-0.05807745522205665,2796,False
10,0.005,2018Q3,momentum,3039,0.04419633813743382,2846,-0.04419633813743382,2846,False
10,0.005,2018Q4,momentum,3102,0.05435489318986335,2907,-0.05435489318986335,2907,False
10,0.01,2006Q4,reversal,82,-1.7647448292507306,71,1.7647448292507306,71,False
10,0.01,2007Q1,reversal,145,-1.3936957135964403,126,1.3936957135964403,126,False
10,0.01,2007Q2,reversal,206,-0.8748641410230049,182,0.8748641410230049,182,False
10,0.01,2007Q3,reversal,269,-0.9630970663756507,230,0.9630970663756507,230,False
10,0.01,2007Q4,reversal,332,-0.32193175338428065,291,0.32193175338428065,291,False
10,0.01,2008Q1,momentum,396,0.19066852539141663,347,-0.19066852539141663,347,False
10,0.01,2008Q2,reversal,457,-0.12449421551376094,399,0.12449421551376094,399,False
10,0.01,2008Q3,reversal,521,-0.08180485458836766,456,0.08180485458836766,456,False
10,0.01,2008Q4,reversal,585,-0.3177891821115908,517,0.3177891821115908,517,False
10,0.01,2009Q1,reversal,649,-0.0827626122607386,579,0.0827626122607386,579,False
10,0.01,2009Q2,reversal,710,-0.1736932244528213,636,0.1736932244528213,636,False
10,0.01,2009Q3,reversal,773,-0.01052878453386371,694,0.01052878453386371,694,False
10,0.01,2009Q4,reversal,837,-0.1364385409043548,751,0.1364385409043548,751,False
10,0.01,2010Q1,reversal,901,-0.21478487584832323,812,0.21478487584832323,812,False
10,0.01,2010Q2,reversal,962,-0.25979281581268443,864,0.25979281581268443,864,False
10,0.01,2010Q3,reversal,1025,-0.3156203376170883,918,0.3156203376170883,918,False
10,0.01,2010Q4,reversal,1089,-0.24825486809719757,974,0.24825486809719757,974,False
10,0.01,2011Q1,reversal,1153,-0.2951595054287783,1029,0.2951595054287783,1029,False
10,0.01,2011Q2,reversal,1215,-0.285768921892199,1089,0.285768921892199,1089,False
10,0.01,2011Q3,reversal,1278,-0.26973832840977147,1142,0.26973832840977147,1142,False
10,0.01,2011Q4,reversal,1342,-0.17915312741054013,1201,0.17915312741054013,1201,False
10,0.01,2012Q1,reversal,1405,-0.33419148448017044,1256,0.33419148448017044,1256,False
10,0.01,2012Q2,reversal,1467,-0.3687312291338234,1311,0.3687312291338234,1311,False
10,0.01,2012Q3,reversal,1530,-0.35710129085036874,1365,0.35710129085036874,1365,False
10,0.01,2012Q4,reversal,1593,-0.2554248960155899,1422,0.2554248960155899,1422,False
10,0.01,2013Q1,reversal,1655,-0.2961814758318284,1470,0.2961814758318284,1470,False
10,0.01,2013Q2,reversal,1715,-0.2730617593095712,1512,0.2730617593095712,1512,False
10,0.01,2013Q3,reversal,1779,-0.19370508941236417,1572,0.19370508941236417,1572,False
10,0.01,2013Q4,reversal,1843,-0.15600982937348998,1632,0.15600982937348998,1632,False
10,0.01,2014Q1,reversal,1907,-0.1300579913175348,1688,0.1300579913175348,1688,False
10,0.01,2014Q2,reversal,1968,-0.1348005831330788,1741,0.1348005831330788,1741,False
10,0.01,2014Q3,reversal,2031,-0.12014434994230232,1793,0.12014434994230232,1793,False
10,0.01,2014Q4,reversal,2095,-0.11624745121603876,1847,0.11624745121603876,1847,False
10,0.01,2015Q1,reversal,2159,-0.08206778020955076,1904,0.08206778020955076,1904,False
10,0.01,2015Q2,reversal,2220,-0.023485179549359483,1961,0.023485179549359483,1961,False
10,0.01,2015Q3,momentum,2283,0.008829898500886457,2016,-0.008829898500886457,2016,False
10,0.01,2015Q4,reversal,2347,-0.05528926972201835,2077,0.05528926972201835,2077,False
10,0.01,2016Q1,reversal,2411,-0.02129990140126985,2136,0.02129990140126985,2136,False
10,0.01,2016Q2,momentum,2472,0.03556945853882584,2195,-0.03556945853882584,2195,False
10,0.01,2016Q3,momentum,2536,0.031174146329102728,2252,-0.031174146329102728,2252,False
10,0.01,2016Q4,reversal,2600,-0.0023575562163800383,2309,0.0023575562163800383,2309,False
10,0.01,2017Q1,reversal,2663,-0.032932019112372736,2364,0.032932019112372736,2364,False
10,0.01,2017Q2,momentum,2725,0.005428989459358532,2421,-0.005428989459358532,2421,False
10,0.01,2017Q3,reversal,2788,-0.013345345914776478,2467,0.013345345914776478,2467,False
10,0.01,2017Q4,reversal,2851,-0.007052451019276037,2521,0.007052451019276037,2521,False
10,0.01,2018Q1,reversal,2914,-0.005240020859485168,2562,0.005240020859485168,2562,False
10,0.01,2018Q2,reversal,2975,-0.028439789434452908,2605,0.028439789434452908,2605,False
10,0.01,2018Q3,reversal,3039,-0.02961578574007551,2647,0.02961578574007551,2647,False
10,0.01,2018Q4,reversal,3102,-0.020436093898612163,2705,0.020436093898612163,2705,False
10,0.015,2006Q4,reversal,82,-1.485152742058404,68,1.485152742058404,68,False
10,0.015,2007Q1,reversal,145,-1.174039679450631,117,1.174039679450631,117,False
10,0.015,2007Q2,reversal,206,-0.7834098845856186,172,0.7834098845856186,172,False
10,0.015,2007Q3,reversal,269,-0.8713469715980539,214,0.8713469715980539,214,False
10,0.015,2007Q4,reversal,332,-0.24320519497164164,274,0.24320519497164164,274,False
10,0.015,2008Q1,momentum,396,0.21052584383284706,325,-0.21052584383284706,325,False
10,0.015,2008Q2,reversal,457,-0.12484691494779102,377,0.12484691494779102,377,False
10,0.015,2008Q3,reversal,521,-0.16736185529926628,428,0.16736185529926628,428,False
10,0.015,2008Q4,reversal,585,-0.4152969149271242,486,0.4152969149271242,486,False
10,0.015,2009Q1,reversal,649,-0.13729765500646376,548,0.13729765500646376,548,False
10,0.015,2009Q2,reversal,710,-0.28218625896608734,604,0.28218625896608734,604,False
10,0.015,2009Q3,reversal,773,-0.12520363978337612,661,0.12520363978337612,661,False
10,0.015,2009Q4,reversal,837,-0.2332031322659535,714,0.2332031322659535,714,False
10,0.015,2010Q1,reversal,901,-0.3078041320527068,773,0.3078041320527068,773,False
10,0.015,2010Q2,reversal,962,-0.3161387713656016,822,0.3161387713656016,822,False
10,0.015,2010Q3,reversal,1025,-0.38970555689394,873,0.38970555689394,873,False
10,0.015,2010Q4,reversal,1089,-0.32564417950647784,924,0.32564417950647784,924,False
10,0.015,2011Q1,reversal,1153,-0.36000511529412965,973,0.36000511529412965,973,False
10,0.015,2011Q2,reversal,1215,-0.34883016521411797,1031,0.34883016521411797,1031,False
10,0.015,2011Q3,reversal,1278,-0.35081309464796007,1080,0.35081309464796007,1080,False
10,0.015,2011Q4,reversal,1342,-0.2592599504333204,1137,0.2592599504333204,1137,False
10,0.015,2012Q1,reversal,1405,-0.4394055597996433,1188,0.4394055597996433,1188,False
10,0.015,2012Q2,reversal,1467,-0.4897793140583955,1240,0.4897793140583955,1240,False
10,0.015,2012Q3,reversal,1530,-0.47373008712044434,1290,0.47373008712044434,1290,False
10,0.015,2012Q4,reversal,1593,-0.36585555481689297,1346,0.36585555481689297,1346,False
10,0.015,2013Q1,reversal,1655,-0.393697786253694,1391,0.393697786253694,1391,False
10,0.015,2013Q2,reversal,1715,-0.37765752410832043,1430,0.37765752410832043,1430,False
10,0.015,2013Q3,reversal,1779,-0.28593071186406377,1489,0.28593071186406377,1489,False
10,0.015,2013Q4,reversal,1843,-0.2872482096336508,1545,0.2872482096336508,1545,False
10,0.015,2014Q1,reversal,1907,-0.240608445157884,1597,0.240608445157884,1597,False
10,0.015,2014Q2,reversal,1968,-0.24790556109132444,1646,0.24790556109132444,1646,False
10,0.015,2014Q3,reversal,2031,-0.22863694150916056,1696,0.22863694150916056,1696,False
10,0.015,2014Q4,reversal,2095,-0.21895673664553766,1749,0.21895673664553766,1749,False
10,0.015,2015Q1,reversal,2159,-0.1694864550850009,1801,0.1694864550850009,1801,False
10,0.015,2015Q2,reversal,2220,-0.12764832021080608,1856,0.12764832021080608,1856,False
10,0.015,2015Q3,reversal,2283,-0.09685780691009657,1906,0.09685780691009657,1906,False
10,0.015,2015Q4,reversal,2347,-0.1300474289422053,1963,0.1300474289422053,1963,False
10,0.015,2016Q1,reversal,2411,-0.08646717584447781,2015,0.08646717584447781,2015,False
10,0.015,2016Q2,reversal,2472,-0.015764947965020582,2072,0.015764947965020582,2072,False
10,0.015,2016Q3,reversal,2536,-0.022626333531975566,2127,0.022626333531975566,2127,False
10,0.015,2016Q4,reversal,2600,-0.05428703353610792,2183,0.05428703353610792,2183,False
10,0.015,2017Q1,reversal,2663,-0.09585321395359928,2235,0.09585321395359928,2235,False
10,0.015,2017Q2,reversal,2725,-0.050803076259385356,2290,0.050803076259385356,2290,False
10,0.015,2017Q3,reversal,2788,-0.06348525967574595,2331,0.06348525967574595,2331,False
10,0.015,2017Q4,reversal,2851,-0.06525186564977359,2378,0.06525186564977359,2378,False
10,0.015,2018Q1,reversal,2914,-0.061813160003323764,2418,0.061813160003323764,2418,False
10,0.015,2018Q2,reversal,2975,-0.08388849728521094,2455,0.08388849728521094,2455,False
10,0.015,2018Q3,reversal,3039,-0.0882852129639407,2488,0.0882852129639407,2488,False
10,0.015,2018Q4,reversal,3102,-0.07340653596618123,2543,0.07340653596618123,2543,False
10,0.02,2006Q4,reversal,82,-1.4903782987459304,65,1.4903782987459304,65,False
10,0.02,2007Q1,reversal,145,-1.1913443284460137,110,1.1913443284460137,110,False
10,0.02,2007Q2,reversal,206,-0.9021806237505802,162,0.9021806237505802,162,False
10,0.02,2007Q3,reversal,269,-0.9214671934307964,198,0.9214671934307964,198,False
10,0.02,2007Q4,reversal,332,-0.19272890711542565,255,0.19272890711542565,255,False
10,0.02,2008Q1,momentum,396,0.03891377519213083,302,-0.03891377519213083,302,False
10,0.02,2008Q2,reversal,457,-0.2855581755983161,354,0.2855581755983161,354,False
10,0.02,2008Q3,reversal,521,-0.320257434578126,403,0.320257434578126,403,False
10,0.02,2008Q4,reversal,585,-0.5433258893019607,460,0.5433258893019607,460,False
10,0.02,2009Q1,reversal,649,-0.22295223421662205,521,0.22295223421662205,521,False
10,0.02,2009Q2,reversal,710,-0.3767255445706573,576,0.3767255445706573,576,False
10,0.02,2009Q3,reversal,773,-0.2895649531702188,628,0.2895649531702188,628,False
10,0.02,2009Q4,reversal,837,-0.37323727202652357,678,0.37323727202652357,678,False
10,0.02,2010Q1,reversal,901,-0.4359074495583338,735,0.4359074495583338,735,False
10,0.02,2010Q2,reversal,962,-0.45241811283535277,782,0.45241811283535277,782,False
10,0.02,2010Q3,reversal,1025,-0.5204693918975236,829,0.5204693918975236,829,False
10,0.02,2010Q4,reversal,1089,-0.4455038743863848,878,0.4455038743863848,878,False
10,0.02,2011Q1,reversal,1153,-0.4538522099659413,924,0.4538522099659413,924,False
10,0.02,2011Q2,reversal,1215,-0.42798419153875905,976,0.42798419153875905,976,False
10,0.02,2011Q3,reversal,1278,-0.4182376248860632,1021,0.4182376248860632,1021,False
10,0.02,2011Q4,reversal,1342,-0.34298816929654335,1074,0.34298816929654335,1074,False
10,0.02,2012Q1,reversal,1405,-0.5082048741368631,1123,0.5082048741368631,1123,False
10,0.02,2012Q2,reversal,1467,-0.5559028038023757,1173,0.5559028038023757,1173,False
10,0.02,2012Q3,reversal,1530,-0.5276631274347099,1220,0.5276631274347099,1220,False
10,0.02,2012Q4,reversal,1593,-0.40546666270386,1275,0.40546666270386,1275,False
10,0.02,2013Q1,reversal,1655,-0.43582793039982004,1313,0.43582793039982004,1313,False
10,0.02,2013Q2,reversal,1715,-0.42560623770270645,1348,0.42560623770270645,1348,False
10,0.02,2013Q3,reversal,1779,-0.32113223462743,1406,0.32113223462743,1406,False
10,0.02,2013Q4,reversal,1843,-0.3393579142412214,1460,0.3393579142412214,1460,False
10,0.02,2014Q1,reversal,1907,-0.2867631127991634,1510,0.2867631127991634,1510,False
10,0.02,2014Q2,reversal,1968,-0.2795211247597996,1557,0.2795211247597996,1557,False
10,0.02,2014Q3,reversal,2031,-0.276554148054817,1602,0.276554148054817,1602,False
10,0.02,2014Q4,reversal,2095,-0.26896652626276096,1650,0.26896652626276096,1650,False
10,0.02,2015Q1,reversal,2159,-0.21043994918264933,1701,0.21043994918264933,1701,False
10,0.02,2015Q2,reversal,2220,-0.1853959048006716,1753,0.1853959048006716,1753,False
10,0.02,2015Q3,reversal,2283,-0.14494641167096958,1798,0.14494641167096958,1798,False
10,0.02,2015Q4,reversal,2347,-0.16635048400786676,1853,0.16635048400786676,1853,False
10,0.02,2016Q1,reversal,2411,-0.12840570559745215,1903,0.12840570559745215,1903,False
10,0.02,2016Q2,reversal,2472,-0.041780200010559015,1959,0.041780200010559015,1959,False
10,0.02,2016Q3,reversal,2536,-0.016052390383171456,2011,0.016052390383171456,2011,False
10,0.02,2016Q4,reversal,2600,-0.03773898761277417,2058,0.03773898761277417,2058,False
10,0.02,2017Q1,reversal,2663,-0.059961887117488906,2108,0.059961887117488906,2108,False
10,0.02,2017Q2,reversal,2725,-0.01246746889166332,2162,0.01246746889166332,2162,False
10,0.02,2017Q3,reversal,2788,-0.022917348375513437,2200,0.022917348375513437,2200,False
10,0.02,2017Q4,reversal,2851,-0.02627307139000383,2244,0.02627307139000383,2244,False
10,0.02,2018Q1,reversal,2914,-0.021798171915748968,2275,0.021798171915748968,2275,False
10,0.02,2018Q2,reversal,2975,-0.04642168531427925,2308,0.04642168531427925,2308,False
10,0.02,2018Q3,reversal,3039,-0.04983697695721099,2334,0.04983697695721099,2334,False
10,0.02,2018Q4,reversal,3102,-0.030081727153949068,2382,0.030081727153949068,2382,False
20,0.005,2006Q4,momentum,72,0.013015264071422174,68,-0.013015264071422174,68,False
20,0.005,2007Q1,momentum,135,0.3765311641035341,128,-0.3765311641035341,128,False
20,0.005,2007Q2,reversal,196,-0.16598389452519108,188,0.16598389452519108,188,False
20,0.005,2007Q3,reversal,259,-0.2242673240742969,245,0.2242673240742969,245,False
20,0.005,2007Q4,reversal,322,-0.24111226215422368,306,0.24111226215422368,306,False
20,0.005,2008Q1,momentum,386,0.36252702877967263,368,-0.36252702877967263,368,False
20,0.005,2008Q2,reversal,447,-0.0313708867570936,428,0.0313708867570936,428,False
20,0.005,2008Q3,reversal,511,-0.5430966257957014,491,0.5430966257957014,491,False
20,0.005,2008Q4,reversal,575,-0.19170838245253416,553,0.19170838245253416,553,False
20,0.005,2009Q1,momentum,639,0.36776272320654363,616,-0.36776272320654363,616,False
20,0.005,2009Q2,momentum,700,0.03985226952538238,677,-0.03985226952538238,677,False
20,0.005,2009Q3,reversal,763,-0.1383445550093554,738,0.1383445550093554,738,False
20,0.005,2009Q4,reversal,827,-0.3751668389067573,799,0.3751668389067573,799,False
20,0.005,2010Q1,reversal,891,-0.5335206744005053,863,0.5335206744005053,863,False
20,0.005,2010Q2,reversal,952,-0.6400445052310593,923,0.6400445052310593,923,False
20,0.005,2010Q3,reversal,1015,-0.6848454594427742,983,0.6848454594427742,983,False
20,0.005,2010Q4,reversal,1079,-0.6033962685731424,1042,0.6033962685731424,1042,False
20,0.005,2011Q1,reversal,1143,-0.597134107315219,1103,0.597134107315219,1103,False
20,0.005,2011Q2,reversal,1205,-0.648366264850043,1162,0.648366264850043,1162,False
20,0.005,2011Q3,reversal,1268,-0.6625378734559122,1224,0.6625378734559122,1224,False
20,0.005,2011Q4,reversal,1332,-0.6764381180095471,1285,0.6764381180095471,1285,False
20,0.005,2012Q1,reversal,1395,-0.7205231660838711,1347,0.7205231660838711,1347,False
20,0.005,2012Q2,reversal,1457,-0.619647835379285,1406,0.619647835379285,1406,False
20,0.005,2012Q3,reversal,1520,-0.6327929032868711,1467,0.6327929032868711,1467,False
20,0.005,2012Q4,reversal,1583,-0.5292224267706092,1529,0.5292224267706092,1529,False
20,0.005,2013Q1,reversal,1645,-0.5013056321954145,1589,0.5013056321954145,1589,False
20,0.005,2013Q2,reversal,1705,-0.49402169462098533,1646,0.49402169462098533,1646,False
20,0.005,2013Q3,reversal,1769,-0.4416225800732275,1703,0.4416225800732275,1703,False
20,0.005,2013Q4,reversal,1833,-0.44672379379162697,1767,0.44672379379162697,1767,False
20,0.005,2014Q1,reversal,1897,-0.4491764634049941,1828,0.4491764634049941,1828,False
20,0.005,2014Q2,reversal,1958,-0.3924113820675151,1888,0.3924113820675151,1888,False
20,0.005,2014Q3,reversal,2021,-0.37148896311924073,1946,0.37148896311924073,1946,False
20,0.005,2014Q4,reversal,2085,-0.3485896986595981,2003,0.3485896986595981,2003,False
20,0.005,2015Q1,reversal,2149,-0.3528070472865564,2067,0.3528070472865564,2067,False
20,0.005,2015Q2,reversal,2210,-0.34066573072567086,2128,0.34066573072567086,2128,False
20,0.005,2015Q3,reversal,2273,-0.2956347200859888,2190,0.2956347200859888,2190,False
20,0.005,2015Q4,reversal,2337,-0.3275424193896749,2250,0.3275424193896749,2250,False
20,0.005,2016Q1,reversal,2401,-0.3189830333568892,2312,0.3189830333568892,2312,False
20,0.005,2016Q2,reversal,2462,-0.28054737715031086,2371,0.28054737715031086,2371,False
20,0.005,2016Q3,reversal,2526,-0.22473125431794977,2434,0.22473125431794977,2434,False
20,0.005,2016Q4,reversal,2590,-0.25052614465092915,2496,0.25052614465092915,2496,False
20,0.005,2017Q1,reversal,2653,-0.2947325377614819,2558,0.2947325377614819,2558,False
20,0.005,2017Q2,reversal,2715,-0.27171378218646136,2618,0.27171378218646136,2618,False
20,0.005,2017Q3,reversal,2778,-0.2813838797147881,2677,0.2813838797147881,2677,False
20,0.005,2017Q4,reversal,2841,-0.28147740599072074,2736,0.28147740599072074,2736,False
20,0.005,2018Q1,reversal,2904,-0.28832792905338234,2794,0.28832792905338234,2794,False
20,0.005,2018Q2,reversal,2965,-0.2812855024592642,2852,0.2812855024592642,2852,False
20,0.005,2018Q3,reversal,3029,-0.27961592861665624,2907,0.27961592861665624,2907,False
20,0.005,2018Q4,reversal,3092,-0.2523283407231232,2968,0.2523283407231232,2968,False
20,0.01,2006Q4,reversal,72,-0.9960043181245295,65,0.9960043181245295,65,False
20,0.01,2007Q1,reversal,135,-0.43176675435349826,124,0.43176675435349826,124,False
20,0.01,2007Q2,reversal,196,-0.9968275184730438,178,0.9968275184730438,178,False
20,0.01,2007Q3,reversal,259,-0.9064577085072095,231,0.9064577085072095,231,False
20,0.01,2007Q4,reversal,322,-0.7301191877560169,291,0.7301191877560169,291,False
20,0.01,2008Q1,reversal,386,-0.27017293797323194,348,0.27017293797323194,348,False
20,0.01,2008Q2,reversal,447,-0.6207973131712693,407,0.6207973131712693,407,False
20,0.01,2008Q3,reversal,511,-1.0894054340451578,470,1.0894054340451578,470,False
20,0.01,2008Q4,reversal,575,-0.5891573899139787,531,0.5891573899139787,531,False
20,0.01,2009Q1,momentum,639,0.1210666156996745,592,-0.1210666156996745,592,False
20,0.01,2009Q2,reversal,700,-0.19090662099246508,653,0.19090662099246508,653,False
20,0.01,2009Q3,reversal,763,-0.3566194929712279,714,0.3566194929712279,714,False
20,0.01,2009Q4,reversal,827,-0.5865970694123609,775,0.5865970694123609,775,False
20,0.01,2010Q1,reversal,891,-0.7272895853998945,837,0.7272895853998945,837,False
20,0.01,2010Q2,reversal,952,-0.813932885626062,893,0.813932885626062,893,False
20,0.01,2010Q3,reversal,1015,-0.8807824890242594,951,0.8807824890242594,951,False
20,0.01,2010Q4,reversal,1079,-0.7873216999326647,1007,0.7873216999326647,1007,False
20,0.01,2011Q1,reversal,1143,-0.7958339319829425,1063,0.7958339319829425,1063,False
20,0.01,2011Q2,reversal,1205,-0.8294176367158053,1119,0.8294176367158053,1119,False
20,0.01,2011Q3,reversal,1268,-0.8367547294458861,1179,0.8367547294458861,1179,False
20,0.01,2011Q4,reversal,1332,-0.8212685273618577,1231,0.8212685273618577,1231,False
20,0.01,2012Q1,reversal,1395,-0.8719649347345355,1290,0.8719649347345355,1290,False
20,0.01,2012Q2,reversal,1457,-0.7536903275292692,1347,0.7536903275292692,1347,False
20,0.01,2012Q3,reversal,1520,-0.7593358323965512,1404,0.7593358323965512,1404,False
20,0.01,2012Q4,reversal,1583,-0.6481261607636066,1466,0.6481261607636066,1466,False
20,0.01,2013Q1,reversal,1645,-0.615769009230182,1526,0.615769009230182,1526,False
20,0.01,2013Q2,reversal,1705,-0.6020712651404146,1576,0.6020712651404146,1576,False
20,0.01,2013Q3,reversal,1769,-0.5280980602299535,1632,0.5280980602299535,1632,False
20,0.01,2013Q4,reversal,1833,-0.5294712101654282,1696,0.5294712101654282,1696,False
20,0.01,2014Q1,reversal,1897,-0.5445395559252976,1755,0.5445395559252976,1755,False
20,0.01,2014Q2,reversal,1958,-0.48274900234229207,1814,0.48274900234229207,1814,False
20,0.01,2014Q3,reversal,2021,-0.44766439083252757,1868,0.44766439083252757,1868,False
20,0.01,2014Q4,reversal,2085,-0.4371318042780994,1922,0.4371318042780994,1922,False
20,0.01,2015Q1,reversal,2149,-0.45646481712695475,1984,0.45646481712695475,1984,False
20,0.01,2015Q2,reversal,2210,-0.4423162947882472,2042,0.4423162947882472,2042,False
20,0.01,2015Q3,reversal,2273,-0.38551600546774334,2103,0.38551600546774334,2103,False
20,0.01,2015Q4,reversal,2337,-0.41549131947937273,2163,0.41549131947937273,2163,False
20,0.01,2016Q1,reversal,2401,-0.4253334466240686,2223,0.4253334466240686,2223,False
20,0.01,2016Q2,reversal,2462,-0.3782353032558878,2279,0.3782353032558878,2279,False
20,0.01,2016Q3,reversal,2526,-0.32302524543964184,2340,0.32302524543964184,2340,False
20,0.01,2016Q4,reversal,2590,-0.3494739143211763,2400,0.3494739143211763,2400,False
20,0.01,2017Q1,reversal,2653,-0.4056298365424037,2461,0.4056298365424037,2461,False
20,0.01,2017Q2,reversal,2715,-0.37966967226783527,2521,0.37966967226783527,2521,False
20,0.01,2017Q3,reversal,2778,-0.3871592637826419,2578,0.3871592637826419,2578,False
20,0.01,2017Q4,reversal,2841,-0.38377514526229484,2634,0.38377514526229484,2634,False
20,0.01,2018Q1,reversal,2904,-0.38694628062288294,2685,0.38694628062288294,2685,False
20,0.01,2018Q2,reversal,2965,-0.3705894275201965,2740,0.3705894275201965,2740,False
20,0.01,2018Q3,reversal,3029,-0.36323524376621424,2785,0.36323524376621424,2785,False
20,0.01,2018Q4,reversal,3092,-0.32421483721308536,2837,0.32421483721308536,2837,False
20,0.015,2006Q4,reversal,72,-1.2932688837242938,60,1.2932688837242938,60,False
20,0.015,2007Q1,reversal,135,-0.5160638481252602,116,0.5160638481252602,116,False
20,0.015,2007Q2,reversal,196,-1.144657923478729,169,1.144657923478729,169,False
20,0.015,2007Q3,reversal,259,-0.9169227136909148,216,0.9169227136909148,216,False
20,0.015,2007Q4,reversal,322,-0.6913032376757545,274,0.6913032376757545,274,False
20,0.015,2008Q1,reversal,386,-0.13035884523409108,330,0.13035884523409108,330,False
20,0.015,2008Q2,reversal,447,-0.47574468616660254,388,0.47574468616660254,388,False
20,0.015,2008Q3,reversal,511,-0.9003029937665343,449,0.9003029937665343,449,False
20,0.015,2008Q4,reversal,575,-0.4448790024638445,508,0.4448790024638445,508,False
20,0.015,2009Q1,momentum,639,0.02408664615859975,568,-0.02408664615859975,568,False
20,0.015,2009Q2,reversal,700,-0.27342722537243697,626,0.27342722537243697,626,False
20,0.015,2009Q3,reversal,763,-0.4409879891652502,685,0.4409879891652502,685,False
20,0.015,2009Q4,reversal,827,-0.6685744219159809,743,0.6685744219159809,743,False
20,0.015,2010Q1,reversal,891,-0.7846189740357156,799,0.7846189740357156,799,False
20,0.015,2010Q2,reversal,952,-0.897851883911504,850,0.897851883911504,850,False
20,0.015,2010Q3,reversal,1015,-0.9982133365309889,900,0.9982133365309889,900,False
20,0.015,2010Q4,reversal,1079,-0.8958176611605324,950,0.8958176611605324,950,False
20,0.015,2011Q1,reversal,1143,-0.9062268881457433,1001,0.9062268881457433,1001,False
20,0.015,2011Q2,reversal,1205,-0.933943966870632,1053,0.933943966870632,1053,False
20,0.015,2011Q3,reversal,1268,-0.924708022070634,1111,0.924708022070634,1111,False
20,0.015,2011Q4,reversal,1332,-0.9048592926891302,1163,0.9048592926891302,1163,False
20,0.015,2012Q1,reversal,1395,-0.9558997611929534,1222,0.9558997611929534,1222,False
20,0.015,2012Q2,reversal,1457,-0.8696663085986511,1274,0.8696663085986511,1274,False
20,0.015,2012Q3,reversal,1520,-0.871845227289763,1331,0.871845227289763,1331,False
20,0.015,2012Q4,reversal,1583,-0.7517000500767153,1392,0.7517000500767153,1392,False
20,0.015,2013Q1,reversal,1645,-0.7371917091856457,1448,0.7371917091856457,1448,False
20,0.015,2013Q2,reversal,1705,-0.7100632405114647,1495,0.7100632405114647,1495,False
20,0.015,2013Q3,reversal,1769,-0.6435539986682326,1549,0.6435539986682326,1549,False
20,0.015,2013Q4,reversal,1833,-0.6350994247412263,1612,0.6350994247412263,1612,False
20,0.015,2014Q1,reversal,1897,-0.6453744342495563,1669,0.6453744342495563,1669,False
20,0.015,2014Q2,reversal,1958,-0.5767238940867677,1728,0.5767238940867677,1728,False
20,0.015,2014Q3,reversal,2021,-0.5307431740074986,1779,0.5307431740074986,1779,False
20,0.015,2014Q4,reversal,2085,-0.5013023076479275,1825,0.5013023076479275,1825,False
20,0.015,2015Q1,reversal,2149,-0.5108724120013813,1886,0.5108724120013813,1886,False
20,0.015,2015Q2,reversal,2210,-0.49424061371973715,1944,0.49424061371973715,1944,False
20,0.015,2015Q3,reversal,2273,-0.4394547382137636,2004,0.4394547382137636,2004,False
20,0.015,2015Q4,reversal,2337,-0.4706710692032773,2063,0.4706710692032773,2063,False
20,0.015,2016Q1,reversal,2401,-0.4747375255863101,2122,0.4747375255863101,2122,False
20,0.015,2016Q2,reversal,2462,-0.4495727749399866,2174,0.4495727749399866,2174,False
20,0.015,2016Q3,reversal,2526,-0.3900044194123664,2233,0.3900044194123664,2233,False
20,0.015,2016Q4,reversal,2590,-0.403266260569206,2291,0.403266260569206,2291,False
20,0.015,2017Q1,reversal,2653,-0.4631369374481852,2351,0.4631369374481852,2351,False
20,0.015,2017Q2,reversal,2715,-0.44602523673250577,2410,0.44602523673250577,2410,False
20,0.015,2017Q3,reversal,2778,-0.44768853303783274,2463,0.44768853303783274,2463,False
20,0.015,2017Q4,reversal,2841,-0.4448465221867595,2517,0.4448465221867595,2517,False
20,0.015,2018Q1,reversal,2904,-0.45308340234574335,2562,0.45308340234574335,2562,False
20,0.015,2018Q2,reversal,2965,-0.4344012956256203,2611,0.4344012956256203,2611,False
20,0.015,2018Q3,reversal,3029,-0.42743308193326024,2648,0.42743308193326024,2648,False
20,0.015,2018Q4,reversal,3092,-0.38548211059227067,2696,0.38548211059227067,2696,False
20,0.02,2006Q4,reversal,72,-1.2208434139216975,57,1.2208434139216975,57,False
20,0.02,2007Q1,reversal,135,-0.44538266930059134,112,0.44538266930059134,112,False
20,0.02,2007Q2,reversal,196,-1.1218429021567804,164,1.1218429021567804,164,False
20,0.02,2007Q3,reversal,259,-0.9702451794153623,206,0.9702451794153623,206,False
20,0.02,2007Q4,reversal,322,-0.7115688665837747,263,0.7115688665837747,263,False
20,0.02,2008Q1,reversal,386,-0.17170884762960498,318,0.17170884762960498,318,False
20,0.02,2008Q2,reversal,447,-0.5108482731386875,374,0.5108482731386875,374,False
20,0.02,2008Q3,reversal,511,-0.9870130006966833,432,0.9870130006966833,432,False
20,0.02,2008Q4,reversal,575,-0.49837504493407003,491,0.49837504493407003,491,False
20,0.02,2009Q1,reversal,639,-0.003938619413584469,551,0.003938619413584469,551,False
20,0.02,2009Q2,reversal,700,-0.30347108411620355,606,0.30347108411620355,606,False
20,0.02,2009Q3,reversal,763,-0.47173304531760013,665,0.47173304531760013,665,False
20,0.02,2009Q4,reversal,827,-0.6536992624361526,720,0.6536992624361526,720,False
20,0.02,2010Q1,reversal,891,-0.8112595383411487,773,0.8112595383411487,773,False
20,0.02,2010Q2,reversal,952,-0.9068511736770591,820,0.9068511736770591,820,False
20,0.02,2010Q3,reversal,1015,-0.9976659794183036,866,0.9976659794183036,866,False
20,0.02,2010Q4,reversal,1079,-0.9101149715265734,915,0.9101149715265734,915,False
20,0.02,2011Q1,reversal,1143,-0.8940083707448183,963,0.8940083707448183,963,False
20,0.02,2011Q2,reversal,1205,-0.9093338035331496,1013,0.9093338035331496,1013,False
20,0.02,2011Q3,reversal,1268,-0.9129662971190684,1070,0.9129662971190684,1070,False
20,0.02,2011Q4,reversal,1332,-0.8977978182896811,1119,0.8977978182896811,1119,False
20,0.02,2012Q1,reversal,1395,-0.950533597233833,1178,0.950533597233833,1178,False
20,0.02,2012Q2,reversal,1457,-0.8779873143917457,1224,0.8779873143917457,1224,False
20,0.02,2012Q3,reversal,1520,-0.8798608367829579,1281,0.8798608367829579,1281,False
20,0.02,2012Q4,reversal,1583,-0.7559293434394422,1342,0.7559293434394422,1342,False
20,0.02,2013Q1,reversal,1645,-0.7589186585884656,1396,0.7589186585884656,1396,False
20,0.02,2013Q2,reversal,1705,-0.7211441759877256,1441,0.7211441759877256,1441,False
20,0.02,2013Q3,reversal,1769,-0.6523050669116004,1495,0.6523050669116004,1495,False
20,0.02,2013Q4,reversal,1833,-0.6432370741436297,1558,0.6432370741436297,1558,False
20,0.02,2014Q1,reversal,1897,-0.6548494268534779,1613,0.6548494268534779,1613,False
20,0.02,2014Q2,reversal,1958,-0.5719412040661943,1671,0.5719412040661943,1671,False
20,0.02,2014Q3,reversal,2021,-0.526432451521701,1718,0.526432451521701,1718,False
20,0.02,2014Q4,reversal,2085,-0.4961568460401271,1762,0.4961568460401271,1762,False
20,0.02,2015Q1,reversal,2149,-0.5062679377533869,1823,0.5062679377533869,1823,False
20,0.02,2015Q2,reversal,2210,-0.49112776166409045,1878,0.49112776166409045,1878,False
20,0.02,2015Q3,reversal,2273,-0.45881811037701115,1935,0.45881811037701115,1935,False
20,0.02,2015Q4,reversal,2337,-0.49018423032398833,1994,0.49018423032398833,1994,False
20,0.02,2016Q1,reversal,2401,-0.47268352507120714,2050,0.47268352507120714,2050,False
20,0.02,2016Q2,reversal,2462,-0.4530700645367872,2101,0.4530700645367872,2101,False
20,0.02,2016Q3,reversal,2526,-0.3997199287650052,2159,0.3997199287650052,2159,False
20,0.02,2016Q4,reversal,2590,-0.4164036629491592,2216,0.4164036629491592,2216,False
20,0.02,2017Q1,reversal,2653,-0.47750086632905575,2276,0.47750086632905575,2276,False
20,0.02,2017Q2,reversal,2715,-0.458320201810982,2334,0.458320201810982,2334,False
20,0.02,2017Q3,reversal,2778,-0.4608739498943509,2384,0.4608739498943509,2384,False
20,0.02,2017Q4,reversal,2841,-0.4586123629573553,2433,0.4586123629573553,2433,False
20,0.02,2018Q1,reversal,2904,-0.47120610559102516,2469,0.47120610559102516,2469,False
20,0.02,2018Q2,reversal,2965,-0.4522645304140366,2515,0.4522645304140366,2515,False
20,0.02,2018Q3,reversal,3029,-0.4585383107285153,2540,0.4585383107285153,2540,False
20,0.02,2018Q4,reversal,3092,-0.4291273005846464,2582,0.4291273005846464,2582,False
60,0.005,2007Q1,reversal,95,-1.9376022648491529,93,1.9376022648491529,93,False
60,0.005,2007Q2,reversal,156,-0.9473135704699194,154,0.9473135704699194,154,False
60,0.005,2007Q3,reversal,219,-0.9487854106370767,214,0.9487854106370767,214,False
60,0.005,2007Q4,reversal,282,-1.0389922085147412,276,1.0389922085147412,276,False
60,0.005,2008Q1,reversal,346,-0.6062269368197936,339,0.6062269368197936,339,False
60,0.005,2008Q2,reversal,407,-0.7099483276012336,400,0.7099483276012336,400,False
60,0.005,2008Q3,reversal,471,-0.7984991440149065,463,0.7984991440149065,463,False
60,0.005,2008Q4,reversal,535,-0.4400537299617746,523,0.4400537299617746,523,False
60,0.005,2009Q1,reversal,599,-0.551686764296057,587,0.551686764296057,587,False
60,0.005,2009Q2,reversal,660,-0.4011349535038238,647,0.4011349535038238,647,False
60,0.005,2009Q3,reversal,723,-0.5379562300085777,707,0.5379562300085777,707,False
60,0.005,2009Q4,reversal,787,-0.6451605739402471,771,0.6451605739402471,771,False
60,0.005,2010Q1,reversal,851,-0.5358989756178963,835,0.5358989756178963,835,False
60,0.005,2010Q2,reversal,912,-0.6147872287450952,889,0.6147872287450952,889,False
60,0.005,2010Q3,reversal,975,-0.5798024384714269,951,0.5798024384714269,951,False
60,0.005,2010Q4,reversal,1039,-0.5299378703782671,1012,0.5299378703782671,1012,False
60,0.005,2011Q1,reversal,1103,-0.47314055245443215,1076,0.47314055245443215,1076,False
60,0.005,2011Q2,reversal,1165,-0.5408873515080004,1132,0.5408873515080004,1132,False
60,0.005,2011Q3,reversal,1228,-0.5799708244029179,1194,0.5799708244029179,1194,False
60,0.005,2011Q4,reversal,1292,-0.5811016375548513,1256,0.5811016375548513,1256,False
60,0.005,2012Q1,reversal,1355,-0.5350000498942722,1316,0.5350000498942722,1316,False
60,0.005,2012Q2,reversal,1417,-0.5188026850999126,1375,0.5188026850999126,1375,False
60,0.005,2012Q3,reversal,1480,-0.4888618012103806,1438,0.4888618012103806,1438,False
60,0.005,2012Q4,reversal,1543,-0.4101319119624326,1499,0.4101319119624326,1499,False
60,0.005,2013Q1,reversal,1605,-0.4343767578318646,1557,0.4343767578318646,1557,False
60,0.005,2013Q2,reversal,1665,-0.3458921279990094,1617,0.3458921279990094,1617,False
60,0.005,2013Q3,reversal,1729,-0.20419872574921208,1681,0.20419872574921208,1681,False
60,0.005,2013Q4,reversal,1793,-0.2039167226324165,1744,0.2039167226324165,1744,False
60,0.005,2014Q1,reversal,1857,-0.20468849997250302,1808,0.20468849997250302,1808,False
60,0.005,2014Q2,reversal,1918,-0.263512079727637,1869,0.263512079727637,1869,False
60,0.005,2014Q3,reversal,1981,-0.2984668868624374,1931,0.2984668868624374,1931,False
60,0.005,2014Q4,reversal,2045,-0.2860813456164737,1994,0.2860813456164737,1994,False
60,0.005,2015Q1,reversal,2109,-0.2585299868847759,2058,0.2585299868847759,2058,False
60,0.005,2015Q2,reversal,2170,-0.3451942772081017,2117,0.3451942772081017,2117,False
60,0.005,2015Q3,reversal,2233,-0.36637848362906994,2178,0.36637848362906994,2178,False
60,0.005,2015Q4,reversal,2297,-0.313423583006809,2242,0.313423583006809,2242,False
60,0.005,2016Q1,reversal,2361,-0.3849812995974038,2305,0.3849812995974038,2305,False
60,0.005,2016Q2,reversal,2422,-0.35573818713038874,2366,0.35573818713038874,2366,False
60,0.005,2016Q3,reversal,2486,-0.24082361263846136,2430,0.24082361263846136,2430,False
60,0.005,2016Q4,reversal,2550,-0.21691829140635846,2492,0.21691829140635846,2492,False
60,0.005,2017Q1,reversal,2613,-0.2031357203854527,2555,0.2031357203854527,2555,False
60,0.005,2017Q2,reversal,2675,-0.24956138065630756,2613,0.24956138065630756,2613,False
60,0.005,2017Q3,reversal,2738,-0.24955376383951436,2672,0.24955376383951436,2672,False
60,0.005,2017Q4,reversal,2801,-0.24565513867064268,2731,0.24565513867064268,2731,False
60,0.005,2018Q1,reversal,2864,-0.2569215002854301,2787,0.2569215002854301,2787,False
60,0.005,2018Q2,reversal,2925,-0.30786440424662775,2847,0.30786440424662775,2847,False
60,0.005,2018Q3,reversal,2989,-0.3131698636309489,2906,0.3131698636309489,2906,False
60,0.005,2018Q4,reversal,3052,-0.2830883128085561,2967,0.2830883128085561,2967,False
60,0.01,2007Q1,reversal,95,-3.0603038167298418,88,3.0603038167298418,88,False
60,0.01,2007Q2,reversal,156,-1.6520169716348079,145,1.6520169716348079,145,False
60,0.01,2007Q3,reversal,219,-1.4811165238439832,202,1.4811165238439832,202,False
60,0.01,2007Q4,reversal,282,-1.4206756116356154,261,1.4206756116356154,261,False
60,0.01,2008Q1,reversal,346,-0.8607744075211857,324,0.8607744075211857,324,False
60,0.01,2008Q2,reversal,407,-0.9371413085603956,383,0.9371413085603956,383,False
60,0.01,2008Q3,reversal,471,-0.9971721835061937,446,0.9971721835061937,446,False
60,0.01,2008Q4,reversal,535,-0.5605697828754128,502,0.5605697828754128,502,False
60,0.01,2009Q1,reversal,599,-0.6336487606996011,566,0.6336487606996011,566,False
60,0.01,2009Q2,reversal,660,-0.41626746064835757,625,0.41626746064835757,625,False
60,0.01,2009Q3,reversal,723,-0.5150716542580386,682,0.5150716542580386,682,False
60,0.01,2009Q4,reversal,787,-0.6272800922307129,746,0.6272800922307129,746,False
60,0.01,2010Q1,reversal,851,-0.505106015299237,809,0.505106015299237,809,False
60,0.01,2010Q2,reversal,912,-0.5872685574312718,861,0.5872685574312718,861,False
60,0.01,2010Q3,reversal,975,-0.5479188202615145,922,0.5479188202615145,922,False
60,0.01,2010Q4,reversal,1039,-0.5183569228480156,979,0.5183569228480156,979,False
60,0.01,2011Q1,reversal,1103,-0.46030123810349355,1043,0.46030123810349355,1043,False
60,0.01,2011Q2,reversal,1165,-0.53044204897947,1099,0.53044204897947,1099,False
60,0.01,2011Q3,reversal,1228,-0.5709939141862399,1161,0.5709939141862399,1161,False
60,0.01,2011Q4,reversal,1292,-0.5916656781294033,1222,0.5916656781294033,1222,False
60,0.01,2012Q1,reversal,1355,-0.5578512663927118,1279,0.5578512663927118,1279,False
60,0.01,2012Q2,reversal,1417,-0.5506917944384213,1336,0.5506917944384213,1336,False
60,0.01,2012Q3,reversal,1480,-0.518764072838279,1399,0.518764072838279,1399,False
60,0.01,2012Q4,reversal,1543,-0.4366234049635237,1456,0.4366234049635237,1456,False
60,0.01,2013Q1,reversal,1605,-0.4778093631755824,1512,0.4778093631755824,1512,False
60,0.01,2013Q2,reversal,1665,-0.3856046590897317,1572,0.3856046590897317,1572,False
60,0.01,2013Q3,reversal,1729,-0.23809430970364806,1636,0.23809430970364806,1636,False
60,0.01,2013Q4,reversal,1793,-0.23629555113272072,1699,0.23629555113272072,1699,False
60,0.01,2014Q1,reversal,1857,-0.2284667450639814,1761,0.2284667450639814,1761,False
60,0.01,2014Q2,reversal,1918,-0.27667002549653685,1821,0.27667002549653685,1821,False
60,0.01,2014Q3,reversal,1981,-0.3022706404111458,1881,0.3022706404111458,1881,False
60,0.01,2014Q4,reversal,2045,-0.2846166362122119,1942,0.2846166362122119,1942,False
60,0.01,2015Q1,reversal,2109,-0.25643539828848744,2006,0.25643539828848744,2006,False
60,0.01,2015Q2,reversal,2170,-0.34835335421860797,2062,0.34835335421860797,2062,False
60,0.01,2015Q3,reversal,2233,-0.353144370871407,2120,0.353144370871407,2120,False
60,0.01,2015Q4,reversal,2297,-0.29935888913694536,2184,0.29935888913694536,2184,False
60,0.01,2016Q1,reversal,2361,-0.3635989450870421,2242,0.3635989450870421,2242,False
60,0.01,2016Q2,reversal,2422,-0.33435141140431796,2303,0.33435141140431796,2303,False
60,0.01,2016Q3,reversal,2486,-0.21726831480733041,2367,0.21726831480733041,2367,False
60,0.01,2016Q4,reversal,2550,-0.19480681625724788,2428,0.19480681625724788,2428,False
60,0.01,2017Q1,reversal,2613,-0.181247712023316,2491,0.181247712023316,2491,False
60,0.01,2017Q2,reversal,2675,-0.23159410240315137,2547,0.23159410240315137,2547,False
60,0.01,2017Q3,reversal,2738,-0.22592653686666683,2602,0.22592653686666683,2602,False
60,0.01,2017Q4,reversal,2801,-0.22623582607393639,2654,0.22623582607393639,2654,False
60,0.01,2018Q1,reversal,2864,-0.2377191898886357,2708,0.2377191898886357,2708,False
60,0.01,2018Q2,reversal,2925,-0.2833210006950985,2758,0.2833210006950985,2758,False
60,0.01,2018Q3,reversal,2989,-0.2905342737723648,2815,0.2905342737723648,2815,False
60,0.01,2018Q4,reversal,3052,-0.25960525486391045,2875,0.25960525486391045,2875,False
60,0.015,2007Q1,reversal,95,-2.7903932826707045,82,2.7903932826707045,82,False
60,0.015,2007Q2,reversal,156,-1.3100214052866073,137,1.3100214052866073,137,False
60,0.015,2007Q3,reversal,219,-1.3120137068901268,193,1.3120137068901268,193,False
60,0.015,2007Q4,reversal,282,-1.372035825794635,250,1.372035825794635,250,False
60,0.015,2008Q1,reversal,346,-0.8036889293590741,313,0.8036889293590741,313,False
60,0.015,2008Q2,reversal,407,-0.9118287318772409,371,0.9118287318772409,371,False
60,0.015,2008Q3,reversal,471,-0.9473731658326218,431,0.9473731658326218,431,False
60,0.015,2008Q4,reversal,535,-0.510637372361554,487,0.510637372361554,487,False
60,0.015,2009Q1,reversal,599,-0.6037601257227438,551,0.6037601257227438,551,False
60,0.015,2009Q2,reversal,660,-0.4613591533405407,609,0.4613591533405407,609,False
60,0.015,2009Q3,reversal,723,-0.5821083982639371,663,0.5821083982639371,663,False
60,0.015,2009Q4,reversal,787,-0.6926813941261102,727,0.6926813941261102,727,False
60,0.015,2010Q1,reversal,851,-0.545093331287276,789,0.545093331287276,789,False
60,0.015,2010Q2,reversal,912,-0.5918842028190573,839,0.5918842028190573,839,False
60,0.015,2010Q3,reversal,975,-0.53573710781195,898,0.53573710781195,898,False
60,0.015,2010Q4,reversal,1039,-0.5444955447012356,951,0.5444955447012356,951,False
60,0.015,2011Q1,reversal,1103,-0.4836742209618712,1015,0.4836742209618712,1015,False
60,0.015,2011Q2,reversal,1165,-0.5647109846515287,1064,0.5647109846515287,1064,False
60,0.015,2011Q3,reversal,1228,-0.605240174375056,1126,0.605240174375056,1126,False
60,0.015,2011Q4,reversal,1292,-0.6345951010741964,1184,0.6345951010741964,1184,False
60,0.015,2012Q1,reversal,1355,-0.594093755302977,1240,0.594093755302977,1240,False
60,0.015,2012Q2,reversal,1417,-0.5778545003740047,1296,0.5778545003740047,1296,False
60,0.015,2012Q3,reversal,1480,-0.5439953222983146,1359,0.5439953222983146,1359,False
60,0.015,2012Q4,reversal,1543,-0.4568366532824745,1415,0.4568366532824745,1415,False
60,0.015,2013Q1,reversal,1605,-0.49840968627793963,1470,0.49840968627793963,1470,False
60,0.015,2013Q2,reversal,1665,-0.4030954930514056,1530,0.4030954930514056,1530,False
60,0.015,2013Q3,reversal,1729,-0.250853715037089,1594,0.250853715037089,1594,False
60,0.015,2013Q4,reversal,1793,-0.26151003796752686,1656,0.26151003796752686,1656,False
60,0.015,2014Q1,reversal,1857,-0.23928335603737538,1717,0.23928335603737538,1717,False
60,0.015,2014Q2,reversal,1918,-0.2884158798830741,1777,0.2884158798830741,1777,False
60,0.015,2014Q3,reversal,1981,-0.3155717738538545,1836,0.3155717738538545,1836,False
60,0.015,2014Q4,reversal,2045,-0.29719603465227007,1897,0.29719603465227007,1897,False
60,0.015,2015Q1,reversal,2109,-0.26777040815400693,1961,0.26777040815400693,1961,False
60,0.015,2015Q2,reversal,2170,-0.3679736207304521,2014,0.3679736207304521,2014,False
60,0.015,2015Q3,reversal,2233,-0.3667336895212005,2068,0.3667336895212005,2068,False
60,0.015,2015Q4,reversal,2297,-0.3110996696817681,2132,0.3110996696817681,2132,False
60,0.015,2016Q1,reversal,2361,-0.36872030081739227,2189,0.36872030081739227,2189,False
60,0.015,2016Q2,reversal,2422,-0.308319792793832,2248,0.308319792793832,2248,False
60,0.015,2016Q3,reversal,2486,-0.1891368207999124,2312,0.1891368207999124,2312,False
60,0.015,2016Q4,reversal,2550,-0.1753077206018786,2372,0.1753077206018786,2372,False
60,0.015,2017Q1,reversal,2613,-0.16191558814398874,2435,0.16191558814398874,2435,False
60,0.015,2017Q2,reversal,2675,-0.2138216507004345,2491,0.2138216507004345,2491,False
60,0.015,2017Q3,reversal,2738,-0.21434524797197757,2542,0.21434524797197757,2542,False
60,0.015,2017Q4,reversal,2801,-0.22141041885086787,2591,0.22141041885086787,2591,False
60,0.015,2018Q1,reversal,2864,-0.2302050192440411,2639,0.2302050192440411,2639,False
60,0.015,2018Q2,reversal,2925,-0.27655774353039264,2686,0.27655774353039264,2686,False
60,0.015,2018Q3,reversal,2989,-0.28750039103654135,2737,0.28750039103654135,2737,False
60,0.015,2018Q4,reversal,3052,-0.2545926647405744,2796,0.2545926647405744,2796,False
60,0.02,2007Q1,reversal,95,-3.8008321255220383,75,3.8008321255220383,75,False
60,0.02,2007Q2,reversal,156,-1.790450174901154,127,1.790450174901154,127,False
60,0.02,2007Q3,reversal,219,-1.4445920948037363,180,1.4445920948037363,180,False
60,0.02,2007Q4,reversal,282,-1.508026945943192,230,1.508026945943192,230,False
60,0.02,2008Q1,reversal,346,-1.0386375695659342,290,1.0386375695659342,290,False
60,0.02,2008Q2,reversal,407,-1.066781053800907,347,1.066781053800907,347,False
60,0.02,2008Q3,reversal,471,-1.0884512059576281,406,1.0884512059576281,406,False
60,0.02,2008Q4,reversal,535,-0.5999765468008039,460,0.5999765468008039,460,False
60,0.02,2009Q1,reversal,599,-0.6650368548371023,524,0.6650368548371023,524,False
60,0.02,2009Q2,reversal,660,-0.5117599329954934,582,0.5117599329954934,582,False
60,0.02,2009Q3,reversal,723,-0.6351324335979724,633,0.6351324335979724,633,False
60,0.02,2009Q4,reversal,787,-0.7451730285557745,697,0.7451730285557745,697,False
60,0.02,2010Q1,reversal,851,-0.5988425768144066,758,0.5988425768144066,758,False
60,0.02,2010Q2,reversal,912,-0.6262906847154682,806,0.6262906847154682,806,False
60,0.02,2010Q3,reversal,975,-0.5712321329261255,863,0.5712321329261255,863,False
60,0.02,2010Q4,reversal,1039,-0.5703742714894298,913,0.5703742714894298,913,False
60,0.02,2011Q1,reversal,1103,-0.5065664127791386,977,0.5065664127791386,977,False
60,0.02,2011Q2,reversal,1165,-0.5473623533995259,1018,0.5473623533995259,1018,False
60,0.02,2011Q3,reversal,1228,-0.5897193496626151,1080,0.5897193496626151,1080,False
60,0.02,2011Q4,reversal,1292,-0.6504656036394978,1134,0.6504656036394978,1134,False
60,0.02,2012Q1,reversal,1355,-0.6143566878057383,1189,0.6143566878057383,1189,False
60,0.02,2012Q2,reversal,1417,-0.5982832851687003,1243,0.5982832851687003,1243,False
60,0.02,2012Q3,reversal,1480,-0.5625491020847532,1306,0.5625491020847532,1306,False
60,0.02,2012Q4,reversal,1543,-0.4722070137878225,1362,0.4722070137878225,1362,False
60,0.02,2013Q1,reversal,1605,-0.5145069563558978,1417,0.5145069563558978,1417,False
60,0.02,2013Q2,reversal,1665,-0.41602585264117803,1477,0.41602585264117803,1477,False
60,0.02,2013Q3,reversal,1729,-0.25911468951118316,1541,0.25911468951118316,1541,False
60,0.02,2013Q4,reversal,1793,-0.28386559512365034,1601,0.28386559512365034,1601,False
60,0.02,2014Q1,reversal,1857,-0.2603526858111467,1662,0.2603526858111467,1662,False
60,0.02,2014Q2,reversal,1918,-0.3142655909402005,1719,0.3142655909402005,1719,False
60,0.02,2014Q3,reversal,1981,-0.3463788831179997,1774,0.3463788831179997,1774,False
60,0.02,2014Q4,reversal,2045,-0.3289560497504195,1834,0.3289560497504195,1834,False
60,0.02,2015Q1,reversal,2109,-0.2972887513395508,1898,0.2972887513395508,1898,False
60,0.02,2015Q2,reversal,2170,-0.4033128931692374,1949,0.4033128931692374,1949,False
60,0.02,2015Q3,reversal,2233,-0.4048718583491377,2001,0.4048718583491377,2001,False
60,0.02,2015Q4,reversal,2297,-0.3463158698149404,2065,0.3463158698149404,2065,False
60,0.02,2016Q1,reversal,2361,-0.4342237146930809,2119,0.4342237146930809,2119,False
60,0.02,2016Q2,reversal,2422,-0.37006091675932673,2178,0.37006091675932673,2178,False
60,0.02,2016Q3,reversal,2486,-0.24582739384456387,2242,0.24582739384456387,2242,False
60,0.02,2016Q4,reversal,2550,-0.24907565071909596,2298,0.24907565071909596,2298,False
60,0.02,2017Q1,reversal,2613,-0.23340462826318462,2361,0.23340462826318462,2361,False
60,0.02,2017Q2,reversal,2675,-0.28407948924757265,2416,0.28407948924757265,2416,False
60,0.02,2017Q3,reversal,2738,-0.28418810328020017,2464,0.28418810328020017,2464,False
60,0.02,2017Q4,reversal,2801,-0.294619021182977,2511,0.294619021182977,2511,False
60,0.02,2018Q1,reversal,2864,-0.2965329166529183,2553,0.2965329166529183,2553,False
60,0.02,2018Q2,reversal,2925,-0.3297202612237734,2596,0.3297202612237734,2596,False
60,0.02,2018Q3,reversal,2989,-0.34224453238465413,2643,0.34224453238465413,2643,False
60,0.02,2018Q4,reversal,3052,-0.3071850905237982,2701,0.3071850905237982,2701,False
